metabolite,source_cell,sink_cell,exchange_axis,predictor,beta,p_value,significant,r_squared
pyr,PT_S1,PT_S2,PT_S1â†’PT_S2,eGFR,21.792139479625774,0.453557568131966,False,0.8244751239048854
pyr,PT_S1,PT_S2,PT_S1â†’PT_S2,fibrosis,-70.74158042778517,0.0038282731115952965,True,0.8244751239048854
pyr,PT_S1,PT_S2,PT_S1â†’PT_S2,age,-64.69986878485379,0.06482281806452204,False,0.8244751239048854
pyr,PT_S1,PT_S2,PT_S1â†’PT_S2,sex_num,-290.6747859936472,0.6714567620468184,False,0.8244751239048854
pyr,PT_S1,PT_S2,PT_S1â†’PT_S2,is_DKD,3033.8956688840135,0.02379852286920011,True,0.8244751239048854
pyr,PT_S1,PT_S2,PT_S1â†’PT_S2,is_HKD,3451.635653428811,0.008466370629593321,True,0.8244751239048854
glc_D,PEC,Mes,PECâ†’Mes,eGFR,13.494412289214464,0.5516695196921102,False,0.6610872823063974
glc_D,PEC,Mes,PECâ†’Mes,fibrosis,-23.167375169217493,0.12040178758245101,False,0.6610872823063974
glc_D,PEC,Mes,PECâ†’Mes,age,-19.427706418827675,0.4306705708680325,False,0.6610872823063974
glc_D,PEC,Mes,PECâ†’Mes,sex_num,-407.6270556550679,0.45564487991014535,False,0.6610872823063974
glc_D,PEC,Mes,PECâ†’Mes,is_DKD,943.3574172086172,0.2926626240671145,False,0.6610872823063974
glc_D,PEC,Mes,PECâ†’Mes,is_HKD,1960.753906114549,0.0344376715830634,True,0.6610872823063974
akg,PT_S1,PT_S3,PT_S1â†’PT_S3,eGFR,12.975984067152524,0.5365733060151403,False,0.44241424159577203
akg,PT_S1,PT_S3,PT_S1â†’PT_S3,fibrosis,-19.149869358434444,0.15824249688421835,False,0.44241424159577203
akg,PT_S1,PT_S3,PT_S1â†’PT_S3,age,-24.8909769413624,0.2848782708667627,False,0.44241424159577203
akg,PT_S1,PT_S3,PT_S1â†’PT_S3,sex_num,-387.1869093034897,0.4442370890146212,False,0.44241424159577203
akg,PT_S1,PT_S3,PT_S1â†’PT_S3,is_DKD,140.56726217401507,0.8598070070832342,False,0.44241424159577203
akg,PT_S1,PT_S3,PT_S1â†’PT_S3,is_HKD,308.88347162286874,0.6690669522656552,False,0.44241424159577203
nh4,iPT,PT_S1,iPTâ†’PT_S1,eGFR,6.253384268214537,0.7023909096999172,False,0.43662784376184793
nh4,iPT,PT_S1,iPTâ†’PT_S1,fibrosis,-16.61452054327146,0.12498364983581056,False,0.43662784376184793
nh4,iPT,PT_S1,iPTâ†’PT_S1,age,-27.11376608396139,0.15281489269848414,False,0.43662784376184793
nh4,iPT,PT_S1,iPTâ†’PT_S1,sex_num,1.5869813758068574,0.9967470439752166,False,0.43662784376184793
nh4,iPT,PT_S1,iPTâ†’PT_S1,is_DKD,400.78905667893247,0.5277842661478014,False,0.43662784376184793
nh4,iPT,PT_S1,iPTâ†’PT_S1,is_HKD,608.5847795596076,0.3007500132335257,False,0.43662784376184793
ala_L,PT_S1,PT_S2,PT_S1â†’PT_S2,eGFR,5.743758785616452,0.6354391073853136,False,0.7551141912376117
ala_L,PT_S1,PT_S2,PT_S1â†’PT_S2,fibrosis,-26.20015307533956,0.007430231025958273,True,0.7551141912376117
ala_L,PT_S1,PT_S2,PT_S1â†’PT_S2,age,-27.102387776270703,0.06642754330232166,False,0.7551141912376117
ala_L,PT_S1,PT_S2,PT_S1â†’PT_S2,sex_num,-255.0126369041383,0.38827466145483674,False,0.7551141912376117
ala_L,PT_S1,PT_S2,PT_S1â†’PT_S2,is_DKD,958.0444492579406,0.06847267372579119,False,0.7551141912376117
ala_L,PT_S1,PT_S2,PT_S1â†’PT_S2,is_HKD,1159.6739941580936,0.023497603639457475,True,0.7551141912376117
gluglu,PT_S1,PT_S2,PT_S1â†’PT_S2,eGFR,17.28572286298086,0.08575933490186535,False,0.7283899808336054
gluglu,PT_S1,PT_S2,PT_S1â†’PT_S2,fibrosis,-3.2625921441296004,0.5540116605289922,False,0.7283899808336054
gluglu,PT_S1,PT_S2,PT_S1â†’PT_S2,age,0.6376381166615488,0.9473034473457764,False,0.7283899808336054
gluglu,PT_S1,PT_S2,PT_S1â†’PT_S2,sex_num,-298.7644729095866,0.1918092981981409,False,0.7283899808336054
gluglu,PT_S1,PT_S2,PT_S1â†’PT_S2,is_DKD,461.0803401904601,0.20771105121956723,False,0.7283899808336054
gluglu,PT_S1,PT_S2,PT_S1â†’PT_S2,is_HKD,902.614558981649,0.01967020015038402,True,0.7283899808336054
aspglu,Plasma_Cells,Fib,Plasma_Cellsâ†’Fib,eGFR,6.723131683563006,0.8353478488228996,False,0.46911376763802815
aspglu,Plasma_Cells,Fib,Plasma_Cellsâ†’Fib,fibrosis,-26.8885181987562,0.19826082127165756,False,0.46911376763802815
aspglu,Plasma_Cells,Fib,Plasma_Cellsâ†’Fib,age,-5.1309178438340375,0.8827527293308702,False,0.46911376763802815
aspglu,Plasma_Cells,Fib,Plasma_Cellsâ†’Fib,sex_num,-1399.4785616032655,0.10251819637575593,False,0.46911376763802815
aspglu,Plasma_Cells,Fib,Plasma_Cellsâ†’Fib,is_DKD,1787.913763450064,0.1789523814885906,False,0.46911376763802815
aspglu,Plasma_Cells,Fib,Plasma_Cellsâ†’Fib,is_HKD,917.2525772741624,0.42411872553065866,False,0.46911376763802815
ser_L,PT_S1,PT_S2,PT_S1â†’PT_S2,eGFR,-0.43939332498650574,0.8108875718762398,False,0.6692051679807807
ser_L,PT_S1,PT_S2,PT_S1â†’PT_S2,fibrosis,-2.5826719718104156,0.04706797864488549,True,0.6692051679807807
ser_L,PT_S1,PT_S2,PT_S1â†’PT_S2,age,-2.861825809026128,0.1764088660828175,False,0.6692051679807807
ser_L,PT_S1,PT_S2,PT_S1â†’PT_S2,sex_num,15.476226567788647,0.7252079803147193,False,0.6692051679807807
ser_L,PT_S1,PT_S2,PT_S1â†’PT_S2,is_DKD,58.041551494467136,0.4211148893248564,False,0.6692051679807807
ser_L,PT_S1,PT_S2,PT_S1â†’PT_S2,is_HKD,132.73527607425194,0.06715751171517552,False,0.6692051679807807
hco3,Endo_G,Podo,Endo_Gâ†’Podo,eGFR,4.390457715140034,0.8631828550306471,False,0.47813958715142635
hco3,Endo_G,Podo,Endo_Gâ†’Podo,fibrosis,-32.45764965216383,0.0659495799783345,False,0.47813958715142635
hco3,Endo_G,Podo,Endo_Gâ†’Podo,age,-29.221558208211732,0.30554566049647397,False,0.47813958715142635
hco3,Endo_G,Podo,Endo_Gâ†’Podo,sex_num,-570.0388373409704,0.3641295974420291,False,0.47813958715142635
hco3,Endo_G,Podo,Endo_Gâ†’Podo,is_DKD,331.81156505319996,0.7354057381928591,False,0.47813958715142635
hco3,Endo_G,Podo,Endo_Gâ†’Podo,is_HKD,154.52535210721976,0.8611735035377392,False,0.47813958715142635
pi,PT_S3,C_TAL,PT_S3â†’C_TAL,eGFR,15.752741159622854,0.2922495002056172,False,0.5092133084770203
pi,PT_S3,C_TAL,PT_S3â†’C_TAL,fibrosis,-9.32271913928867,0.3036298040718416,False,0.5092133084770203
pi,PT_S3,C_TAL,PT_S3â†’C_TAL,age,-26.988515960457,0.11279406849582264,False,0.5092133084770203
pi,PT_S3,C_TAL,PT_S3â†’C_TAL,sex_num,314.11227832334714,0.3739951274601297,False,0.5092133084770203
pi,PT_S3,C_TAL,PT_S3â†’C_TAL,is_DKD,694.0563568948544,0.23277488716989794,False,0.5092133084770203
pi,PT_S3,C_TAL,PT_S3â†’C_TAL,is_HKD,803.7108347893759,0.13776519765718098,False,0.5092133084770203
gln_L,PT_S1,PT_S3,PT_S1â†’PT_S3,eGFR,1.2298221679918482,0.5249135470577528,False,0.4862216858363221
gln_L,PT_S1,PT_S3,PT_S1â†’PT_S3,fibrosis,-2.2854958025577483,0.07977539057641377,False,0.4862216858363221
gln_L,PT_S1,PT_S3,PT_S1â†’PT_S3,age,-4.077326121355053,0.0782933826413617,False,0.4862216858363221
gln_L,PT_S1,PT_S3,PT_S1â†’PT_S3,sex_num,-2.547003207435047,0.9554190721408449,False,0.4862216858363221
gln_L,PT_S1,PT_S3,PT_S1â†’PT_S3,is_DKD,95.20615917700127,0.21955978118228905,False,0.4862216858363221
gln_L,PT_S1,PT_S3,PT_S1â†’PT_S3,is_HKD,78.69028136645306,0.2568870278439181,False,0.4862216858363221
lys_L,Fib,Plasma_Cells,Fibâ†’Plasma_Cells,eGFR,-0.6348380080018234,0.35424147185513144,False,0.6157612964492174
lys_L,Fib,Plasma_Cells,Fibâ†’Plasma_Cells,fibrosis,0.24159943110931087,0.5537623167169061,False,0.6157612964492174
lys_L,Fib,Plasma_Cells,Fibâ†’Plasma_Cells,age,0.7055984149952622,0.33978954319705246,False,0.6157612964492174
lys_L,Fib,Plasma_Cells,Fibâ†’Plasma_Cells,sex_num,-8.902177617277571,0.5790516980592457,False,0.6157612964492174
lys_L,Fib,Plasma_Cells,Fibâ†’Plasma_Cells,is_DKD,-24.163486210507727,0.3583921868936883,False,0.6157612964492174
lys_L,Fib,Plasma_Cells,Fibâ†’Plasma_Cells,is_HKD,20.237928725956877,0.39215468138776444,False,0.6157612964492174
gly,Podo,Endo_G,Podoâ†’Endo_G,eGFR,0.8153930564812661,0.3201978808234091,False,0.5409289160171333
gly,Podo,Endo_G,Podoâ†’Endo_G,fibrosis,-0.6684288744352124,0.1918252713481537,False,0.5409289160171333
gly,Podo,Endo_G,Podoâ†’Endo_G,age,-1.415555908497347,0.12811121876453588,False,0.5409289160171333
gly,Podo,Endo_G,Podoâ†’Endo_G,sex_num,10.498101686555682,0.5827051639670857,False,0.5409289160171333
gly,Podo,Endo_G,Podoâ†’Endo_G,is_DKD,49.78178185766323,0.13287398620212557,False,0.5409289160171333
gly,Podo,Endo_G,Podoâ†’Endo_G,is_HKD,57.36703668555789,0.06658490318430559,False,0.5409289160171333
arg_L,C_TAL,PT_S3,C_TALâ†’PT_S3,eGFR,-0.06499820017492149,0.9666011194336264,False,0.5322143019836907
arg_L,C_TAL,PT_S3,C_TALâ†’PT_S3,fibrosis,-1.025349171777234,0.29670821763020183,False,0.5322143019836907
arg_L,C_TAL,PT_S3,C_TALâ†’PT_S3,age,0.06984855383128075,0.9666572433425789,False,0.5322143019836907
arg_L,C_TAL,PT_S3,C_TALâ†’PT_S3,sex_num,-79.18240899661221,0.06277450648190587,False,0.5322143019836907
arg_L,C_TAL,PT_S3,C_TALâ†’PT_S3,is_DKD,-30.22389564611776,0.6156313665717683,False,0.5322143019836907
arg_L,C_TAL,PT_S3,C_TALâ†’PT_S3,is_HKD,-55.656349675175925,0.3195446324755548,False,0.5322143019836907
thr_L,C_TAL,PT_S3,C_TALâ†’PT_S3,eGFR,-0.2977379643712742,0.2256641417405172,False,0.40174582330611064
thr_L,C_TAL,PT_S3,C_TALâ†’PT_S3,fibrosis,-0.04855021809906236,0.731732678177102,False,0.40174582330611064
thr_L,C_TAL,PT_S3,C_TALâ†’PT_S3,age,0.3018629040761204,0.2510108318495268,False,0.40174582330611064
thr_L,C_TAL,PT_S3,C_TALâ†’PT_S3,sex_num,-0.237643312381989,0.9658728698351801,False,0.40174582330611064
thr_L,C_TAL,PT_S3,C_TALâ†’PT_S3,is_DKD,-11.511126371262947,0.22299373528418243,False,0.40174582330611064
thr_L,C_TAL,PT_S3,C_TALâ†’PT_S3,is_HKD,-12.77342996426762,0.14427406860094932,False,0.40174582330611064
ile_L,C_TAL,PT_S3,C_TALâ†’PT_S3,eGFR,-0.06882695450511275,0.584524616339481,False,0.549424213215443
ile_L,C_TAL,PT_S3,C_TALâ†’PT_S3,fibrosis,0.1448001340629713,0.08742578994665413,False,0.549424213215443
ile_L,C_TAL,PT_S3,C_TALâ†’PT_S3,age,0.11767569034735759,0.3929623578885879,False,0.549424213215443
ile_L,C_TAL,PT_S3,C_TALâ†’PT_S3,sex_num,4.262219959490581,0.18141478789650037,False,0.549424213215443
ile_L,C_TAL,PT_S3,C_TALâ†’PT_S3,is_DKD,-7.665837984143796,0.14055164153829902,False,0.549424213215443
ile_L,C_TAL,PT_S3,C_TALâ†’PT_S3,is_HKD,-8.758390733854695,0.07356639156915976,False,0.549424213215443
asn_L,Podo,Endo_G,Podoâ†’Endo_G,eGFR,1.7324096950798407,0.4067306700848132,False,0.39919935712611665
asn_L,Podo,Endo_G,Podoâ†’Endo_G,fibrosis,-0.26867696955930576,0.8280606361037623,False,0.39919935712611665
asn_L,Podo,Endo_G,Podoâ†’Endo_G,age,-2.3063664837427185,0.3111506004226289,False,0.39919935712611665
asn_L,Podo,Endo_G,Podoâ†’Endo_G,sex_num,46.485592093330695,0.3550372883797246,False,0.39919935712611665
asn_L,Podo,Endo_G,Podoâ†’Endo_G,is_DKD,-10.496624185420941,0.8932024016635882,False,0.39919935712611665
asn_L,Podo,Endo_G,Podoâ†’Endo_G,is_HKD,-7.243671289235468,0.9182389998224758,False,0.39919935712611665
phe_L,C_TAL,PT_S3,C_TALâ†’PT_S3,eGFR,-0.09835359663760768,0.4908446129974857,False,0.3761720489704379
phe_L,C_TAL,PT_S3,C_TALâ†’PT_S3,fibrosis,0.03945512001917167,0.6456381922513973,False,0.3761720489704379
phe_L,C_TAL,PT_S3,C_TALâ†’PT_S3,age,0.09513244563530537,0.5344745814543437,False,0.3761720489704379
phe_L,C_TAL,PT_S3,C_TALâ†’PT_S3,sex_num,-0.02036040639573483,0.9951550708901182,False,0.3761720489704379
phe_L,C_TAL,PT_S3,C_TALâ†’PT_S3,is_DKD,-8.258045814206852,0.15610168993181958,False,0.3761720489704379
phe_L,C_TAL,PT_S3,C_TALâ†’PT_S3,is_HKD,-9.325717408411581,0.08720494111741349,False,0.3761720489704379
chol,C_TAL,iPT,C_TALâ†’iPT,eGFR,0.4798334969692364,0.20884349794461038,False,0.6839733148852087
chol,C_TAL,iPT,C_TALâ†’iPT,fibrosis,0.633563819264682,0.01965692049681465,True,0.6839733148852087
chol,C_TAL,iPT,C_TALâ†’iPT,age,0.5880262189066923,0.15908405266806389,False,0.6839733148852087
chol,C_TAL,iPT,C_TALâ†’iPT,sex_num,18.486531353424084,0.06099944786324458,False,0.6839733148852087
chol,C_TAL,iPT,C_TALâ†’iPT,is_DKD,10.534216612419476,0.45488913136785114,False,0.6839733148852087
chol,C_TAL,iPT,C_TALâ†’iPT,is_HKD,9.037477194947751,0.4767356142171736,False,0.6839733148852087
tyr_L,PT_S2,PT_S1,PT_S2â†’PT_S1,eGFR,0.19470694638405472,0.18387851965386384,False,0.5556580608983185
tyr_L,PT_S2,PT_S1,PT_S2â†’PT_S1,fibrosis,-0.11128877141526242,0.20769981781566918,False,0.5556580608983185
tyr_L,PT_S2,PT_S1,PT_S2â†’PT_S1,age,-0.06669923581856876,0.6531883393894418,False,0.5556580608983185
tyr_L,PT_S2,PT_S1,PT_S2â†’PT_S1,sex_num,-4.713620733905973,0.17922561960594857,False,0.5556580608983185
tyr_L,PT_S2,PT_S1,PT_S2â†’PT_S1,is_DKD,9.830110063909894,0.09384829104820183,False,0.5556580608983185
tyr_L,PT_S2,PT_S1,PT_S2â†’PT_S1,is_HKD,9.910015166855203,0.06722792255242718,False,0.5556580608983185
met_L,C_TAL,PT_S3,C_TALâ†’PT_S3,eGFR,-0.028760873929187646,0.5464475262630883,False,0.2671408813554699
met_L,C_TAL,PT_S3,C_TALâ†’PT_S3,fibrosis,0.016361842717390322,0.5713606050560351,False,0.2671408813554699
met_L,C_TAL,PT_S3,C_TALâ†’PT_S3,age,0.026615630264937643,0.6028394216656663,False,0.2671408813554699
met_L,C_TAL,PT_S3,C_TALâ†’PT_S3,sex_num,0.8935666189673039,0.4375607947901746,False,0.2671408813554699
met_L,C_TAL,PT_S3,C_TALâ†’PT_S3,is_DKD,-0.9035847959020902,0.6202681856211216,False,0.2671408813554699
met_L,C_TAL,PT_S3,C_TALâ†’PT_S3,is_HKD,-1.7666553930103972,0.2987389522841204,False,0.2671408813554699
his_L,C_TAL,PT_S3,C_TALâ†’PT_S3,eGFR,-0.0011326767619839375,0.8789756438106975,False,0.8811414851807692
his_L,C_TAL,PT_S3,C_TALâ†’PT_S3,fibrosis,0.023974443298940797,0.000901071864123759,True,0.8811414851807692
his_L,C_TAL,PT_S3,C_TALâ†’PT_S3,age,0.012353906246268198,0.15359908276951034,False,0.8811414851807692
his_L,C_TAL,PT_S3,C_TALâ†’PT_S3,sex_num,0.40529549194505315,0.05013672940869763,False,0.8811414851807692
his_L,C_TAL,PT_S3,C_TALâ†’PT_S3,is_DKD,-0.1770711389924579,0.540898195212907,False,0.8811414851807692
his_L,C_TAL,PT_S3,C_TALâ†’PT_S3,is_HKD,-0.40085571785169616,0.15108895291671826,False,0.8811414851807692
hxan,Mac,Plasma_Cells,Macâ†’Plasma_Cells,eGFR,4.870327015409186,0.06643008188943689,False,0.6472195210964793
hxan,Mac,Plasma_Cells,Macâ†’Plasma_Cells,fibrosis,-0.008648171797407872,0.9951088989582333,False,0.6472195210964793
hxan,Mac,Plasma_Cells,Macâ†’Plasma_Cells,age,-4.490033225558972,0.1051903215618337,False,0.6472195210964793
hxan,Mac,Plasma_Cells,Macâ†’Plasma_Cells,sex_num,-7.760467748768178,0.8890237352918204,False,0.6472195210964793
hxan,Mac,Plasma_Cells,Macâ†’Plasma_Cells,is_DKD,120.04374088341278,0.20609099566672742,False,0.6472195210964793
hxan,Mac,Plasma_Cells,Macâ†’Plasma_Cells,is_HKD,223.21844990715257,0.023980433642287472,True,0.6472195210964793
cys_L,CD4T,Plasma_Cells,CD4Tâ†’Plasma_Cells,eGFR,0.0781840564675129,0.685747451652207,False,0.31734094564016124
cys_L,CD4T,Plasma_Cells,CD4Tâ†’Plasma_Cells,fibrosis,-0.11345294407611177,0.34683641273965765,False,0.31734094564016124
cys_L,CD4T,Plasma_Cells,CD4Tâ†’Plasma_Cells,age,-0.22467921091818416,0.29714288205194306,False,0.31734094564016124
cys_L,CD4T,Plasma_Cells,CD4Tâ†’Plasma_Cells,sex_num,2.6767026351140433,0.5649235333530163,False,0.31734094564016124
cys_L,CD4T,Plasma_Cells,CD4Tâ†’Plasma_Cells,is_DKD,8.642729077524638,0.2640710229983165,False,0.31734094564016124
cys_L,CD4T,Plasma_Cells,CD4Tâ†’Plasma_Cells,is_HKD,5.216037498619126,0.4437201033827515,False,0.31734094564016124
thymd,C_TAL,PT_S3,C_TALâ†’PT_S3,eGFR,0.16401510530646266,0.7874289989356007,False,0.6436791698783911
thymd,C_TAL,PT_S3,C_TALâ†’PT_S3,fibrosis,0.5668781626121335,0.1547219158153876,False,0.6436791698783911
thymd,C_TAL,PT_S3,C_TALâ†’PT_S3,age,-0.6671174248967464,0.3248795054694495,False,0.6436791698783911
thymd,C_TAL,PT_S3,C_TALâ†’PT_S3,sex_num,4.0893880496756125,0.7786742401669111,False,0.6436791698783911
thymd,C_TAL,PT_S3,C_TALâ†’PT_S3,is_DKD,-0.7862838993222437,0.9730820733565666,False,0.6436791698783911
thymd,C_TAL,PT_S3,C_TALâ†’PT_S3,is_HKD,-6.69346702173413,0.7512588133916511,False,0.6436791698783911
inost,C_TAL,PT_S3,C_TALâ†’PT_S3,eGFR,0.004448342292865639,0.8455687175696738,False,0.3681317703018817
inost,C_TAL,PT_S3,C_TALâ†’PT_S3,fibrosis,-0.0237842361230107,0.11828742316974702,False,0.3681317703018817
inost,C_TAL,PT_S3,C_TALâ†’PT_S3,age,-0.0356144724414977,0.1764555809240435,False,0.3681317703018817
inost,C_TAL,PT_S3,C_TALâ†’PT_S3,sex_num,-0.095511190868945,0.8611493643852305,False,0.3681317703018817
inost,C_TAL,PT_S3,C_TALâ†’PT_S3,is_DKD,0.6563631067037384,0.4629481553143894,False,0.3681317703018817
inost,C_TAL,PT_S3,C_TALâ†’PT_S3,is_HKD,0.294225279977404,0.7113170970520226,False,0.3681317703018817
thym,Mes,VSMC/Pericyte,Mesâ†’VSMC/Pericyte,eGFR,0.058473305568097114,0.8836034423044402,False,0.6067849363835325
thym,Mes,VSMC/Pericyte,Mesâ†’VSMC/Pericyte,fibrosis,0.3399485889423078,0.18928949412741025,False,0.6067849363835325
thym,Mes,VSMC/Pericyte,Mesâ†’VSMC/Pericyte,age,-0.43624611960600124,0.3276169424569555,False,0.6067849363835325
thym,Mes,VSMC/Pericyte,Mesâ†’VSMC/Pericyte,sex_num,4.52937684932641,0.6379372075548861,False,0.6067849363835325
thym,Mes,VSMC/Pericyte,Mesâ†’VSMC/Pericyte,is_DKD,-3.2457315574702594,0.8326033903123394,False,0.6067849363835325
thym,Mes,VSMC/Pericyte,Mesâ†’VSMC/Pericyte,is_HKD,-6.158402195336998,0.6587138583765793,False,0.6067849363835325
trp_L,C_TAL,PT_S3,C_TALâ†’PT_S3,eGFR,-0.00014735382377219157,0.563624565052798,False,0.5909481504482255
trp_L,C_TAL,PT_S3,C_TALâ†’PT_S3,fibrosis,0.0003311085900712344,0.05981574932990447,False,0.5909481504482255
trp_L,C_TAL,PT_S3,C_TALâ†’PT_S3,age,0.0002812847342439164,0.3181496063020304,False,0.5909481504482255
trp_L,C_TAL,PT_S3,C_TALâ†’PT_S3,sex_num,0.009439331656267168,0.14857158844985063,False,0.5909481504482255
trp_L,C_TAL,PT_S3,C_TALâ†’PT_S3,is_DKD,-0.01601991793582864,0.13003414381440942,False,0.5909481504482255
trp_L,C_TAL,PT_S3,C_TALâ†’PT_S3,is_HKD,-0.01859244567938481,0.06327278255878625,False,0.5909481504482255
lac_L,Podo,Endo_G,Podoâ†’Endo_G,eGFR,35.770517584297004,0.6678831434437347,False,0.5647435964483136
lac_L,Podo,Endo_G,Podoâ†’Endo_G,fibrosis,-109.76859681881882,0.05807547042458522,False,0.5647435964483136
lac_L,Podo,Endo_G,Podoâ†’Endo_G,age,-150.50824795311848,0.12358147735652762,False,0.5647435964483136
lac_L,Podo,Endo_G,Podoâ†’Endo_G,sex_num,-1791.0426605808848,0.3797925152336169,False,0.5647435964483136
lac_L,Podo,Endo_G,Podoâ†’Endo_G,is_DKD,1296.2016189693106,0.6854466789298512,False,0.5647435964483136
lac_L,Podo,Endo_G,Podoâ†’Endo_G,is_HKD,3143.449729878579,0.2939327722924092,False,0.5647435964483136
glucyala,PEC,IC,PECâ†’IC,eGFR,16.978835892765687,0.4377273522218791,False,0.6923565125598764
glucyala,PEC,IC,PECâ†’IC,fibrosis,-18.86701009364292,0.175781991917637,False,0.6923565125598764
glucyala,PEC,IC,PECâ†’IC,age,-9.57133520178327,0.6794870008145003,False,0.6923565125598764
glucyala,PEC,IC,PECâ†’IC,sex_num,112.2161806563289,0.8266195887294989,False,0.6923565125598764
glucyala,PEC,IC,PECâ†’IC,is_DKD,707.3706277246738,0.40180872300858184,False,0.6923565125598764
glucyala,PEC,IC,PECâ†’IC,is_HKD,1633.4168925724978,0.05642146663191138,False,0.6923565125598764
gluampn,Podo,Endo_G,Podoâ†’Endo_G,eGFR,-8.146114560761912,0.8877559161991274,False,0.369512010998192
gluampn,Podo,Endo_G,Podoâ†’Endo_G,fibrosis,-40.28960894621299,0.27196005739328555,False,0.369512010998192
gluampn,Podo,Endo_G,Podoâ†’Endo_G,age,-83.39144304524278,0.2065520503061321,False,0.369512010998192
gluampn,Podo,Endo_G,Podoâ†’Endo_G,sex_num,1209.1089759565712,0.39387140649396246,False,0.369512010998192
gluampn,Podo,Endo_G,Podoâ†’Endo_G,is_DKD,-332.02616656974556,0.8809656265371888,False,0.369512010998192
gluampn,Podo,Endo_G,Podoâ†’Endo_G,is_HKD,113.1711870748228,0.9548816956708368,False,0.369512010998192
ac,PT_S3,C_TAL,PT_S3â†’C_TAL,eGFR,-4.35841123348175,0.48010426605873013,False,0.6829245128438992
ac,PT_S3,C_TAL,PT_S3â†’C_TAL,fibrosis,-7.5385199772447615,0.07123696963804986,False,0.6829245128438992
ac,PT_S3,C_TAL,PT_S3â†’C_TAL,age,-9.492545812451278,0.17506205576442588,False,0.6829245128438992
ac,PT_S3,C_TAL,PT_S3â†’C_TAL,sex_num,140.5334768930507,0.34817096853361107,False,0.6829245128438992
ac,PT_S3,C_TAL,PT_S3â†’C_TAL,is_DKD,169.8498885589012,0.47400400531735754,False,0.6829245128438992
ac,PT_S3,C_TAL,PT_S3â†’C_TAL,is_HKD,443.8914938269953,0.06466906883803705,False,0.6829245128438992
succ,iPT,C_TAL,iPTâ†’C_TAL,eGFR,22.002401814792947,0.6186407143758248,False,0.28471701542970573
succ,iPT,C_TAL,iPTâ†’C_TAL,fibrosis,-14.416722559218602,0.5916785351925267,False,0.28471701542970573
succ,iPT,C_TAL,iPTâ†’C_TAL,age,-30.283167220354862,0.5268795722817812,False,0.28471701542970573
succ,iPT,C_TAL,iPTâ†’C_TAL,sex_num,-1460.7176862774322,0.19158695649008203,False,0.28471701542970573
succ,iPT,C_TAL,iPTâ†’C_TAL,is_DKD,836.0657721686822,0.6223699281315329,False,0.28471701542970573
succ,iPT,C_TAL,iPTâ†’C_TAL,is_HKD,969.4788209296532,0.5294195654233204,False,0.28471701542970573
for,Podo,Endo_G,Podoâ†’Endo_G,eGFR,0.27866242021923066,0.000474545498230713,True,0.9163546565697543
for,Podo,Endo_G,Podoâ†’Endo_G,fibrosis,-0.019861368805618406,0.49473935944794634,False,0.9163546565697543
for,Podo,Endo_G,Podoâ†’Endo_G,age,-0.1569652325549079,0.014852664510710144,True,0.9163546565697543
for,Podo,Endo_G,Podoâ†’Endo_G,sex_num,0.6632619425612046,0.5607944285113311,False,0.9163546565697543
for,Podo,Endo_G,Podoâ†’Endo_G,is_DKD,7.839873439336058,0.0028217115244746297,True,0.9163546565697543
for,Podo,Endo_G,Podoâ†’Endo_G,is_HKD,10.964957023741814,0.00021909422179409505,True,0.9163546565697543
cit,Endo_G,Podo,Endo_Gâ†’Podo,eGFR,40.510374128134686,0.10104045747875523,False,0.5208856087893645
cit,Endo_G,Podo,Endo_Gâ†’Podo,fibrosis,0.83917387268668,0.9504502361978173,False,0.5208856087893645
cit,Endo_G,Podo,Endo_Gâ†’Podo,age,-46.19281281093892,0.08568523571347325,False,0.5208856087893645
cit,Endo_G,Podo,Endo_Gâ†’Podo,sex_num,-262.6859204865381,0.624558690040105,False,0.5208856087893645
cit,Endo_G,Podo,Endo_Gâ†’Podo,is_DKD,1155.381739769872,0.2038383669190253,False,0.5208856087893645
cit,Endo_G,Podo,Endo_Gâ†’Podo,is_HKD,1276.961411062548,0.12993794663484515,False,0.5208856087893645
acac,Podo,Endo_G,Podoâ†’Endo_G,eGFR,4.336726707594174,0.23250818361055064,False,0.274017534862536
acac,Podo,Endo_G,Podoâ†’Endo_G,fibrosis,-0.642824677321408,0.7589613304539041,False,0.274017534862536
acac,Podo,Endo_G,Podoâ†’Endo_G,age,-1.4264183048177355,0.7015263053782546,False,0.274017534862536
acac,Podo,Endo_G,Podoâ†’Endo_G,sex_num,-22.94049686656961,0.7808917043884138,False,0.274017534862536
acac,Podo,Endo_G,Podoâ†’Endo_G,is_DKD,105.30811582038744,0.4359433020079475,False,0.274017534862536
acac,Podo,Endo_G,Podoâ†’Endo_G,is_HKD,86.32065912675155,0.4776146460536502,False,0.274017534862536
hdca,C_TAL,GS_Stromal,C_TALâ†’GS_Stromal,eGFR,0.48515381177713984,0.08147809971313139,False,0.5450144711427174
hdca,C_TAL,GS_Stromal,C_TALâ†’GS_Stromal,fibrosis,-0.11240038024542053,0.46314098153820205,False,0.5450144711427174
hdca,C_TAL,GS_Stromal,C_TALâ†’GS_Stromal,age,-0.32376019090869845,0.2477989565119351,False,0.5450144711427174
hdca,C_TAL,GS_Stromal,C_TALâ†’GS_Stromal,sex_num,-0.27104461608845676,0.9634380704252842,False,0.5450144711427174
hdca,C_TAL,GS_Stromal,C_TALâ†’GS_Stromal,is_DKD,15.523485631665496,0.13411436317939163,False,0.5450144711427174
hdca,C_TAL,GS_Stromal,C_TALâ†’GS_Stromal,is_HKD,18.169700506365793,0.06409730728531626,False,0.5450144711427174
glu_L,Endo_G,Podo,Endo_Gâ†’Podo,eGFR,90.29230928287001,0.11489552231995222,False,0.44057200209919045
glu_L,Endo_G,Podo,Endo_Gâ†’Podo,fibrosis,-25.142143526581187,0.4363003748869092,False,0.44057200209919045
glu_L,Endo_G,Podo,Endo_Gâ†’Podo,age,-41.39779501882904,0.46835246581508727,False,0.44057200209919045
glu_L,Endo_G,Podo,Endo_Gâ†’Podo,sex_num,-1259.9485401454153,0.3285320531852825,False,0.44057200209919045
glu_L,Endo_G,Podo,Endo_Gâ†’Podo,is_DKD,3045.90786249293,0.15797379404492753,False,0.44057200209919045
glu_L,Endo_G,Podo,Endo_Gâ†’Podo,is_HKD,2596.8144810072563,0.17915527685348842,False,0.44057200209919045
cyala,Endo_G,Podo,Endo_Gâ†’Podo,eGFR,2.4390268199253713,0.9134901332674805,False,0.644307187683166
cyala,Endo_G,Podo,Endo_Gâ†’Podo,fibrosis,-22.251370740496874,0.134411554444663,False,0.644307187683166
cyala,Endo_G,Podo,Endo_Gâ†’Podo,age,-27.375817148664616,0.2786560130401568,False,0.644307187683166
cyala,Endo_G,Podo,Endo_Gâ†’Podo,sex_num,139.74846606248343,0.7950821601543202,False,0.644307187683166
cyala,Endo_G,Podo,Endo_Gâ†’Podo,is_DKD,413.6217553455885,0.6342846373211293,False,0.644307187683166
cyala,Endo_G,Podo,Endo_Gâ†’Podo,is_HKD,1588.8587169424864,0.07219529277540174,False,0.644307187683166
lcts,C_TAL,PC,C_TALâ†’PC,eGFR,-40.500971346158195,0.7029167537061383,False,0.42315261413501104
lcts,C_TAL,PC,C_TALâ†’PC,fibrosis,5.921156126057529,0.9264457787818249,False,0.42315261413501104
lcts,C_TAL,PC,C_TALâ†’PC,age,128.87027084364757,0.2785297890439068,False,0.42315261413501104
lcts,C_TAL,PC,C_TALâ†’PC,sex_num,-2865.4467761062156,0.2781919701482517,False,0.42315261413501104
lcts,C_TAL,PC,C_TALâ†’PC,is_DKD,-1503.9577922691353,0.7122712558592381,False,0.42315261413501104
lcts,C_TAL,PC,C_TALâ†’PC,is_HKD,1799.8352679023596,0.6262515630260619,False,0.42315261413501104
lcts6p,PC,C_TAL,PCâ†’C_TAL,eGFR,0.752728556609159,0.9685375650395452,False,0.3550650202956107
lcts6p,PC,C_TAL,PCâ†’C_TAL,fibrosis,-7.390117397104,0.5297740542486722,False,0.3550650202956107
lcts6p,PC,C_TAL,PCâ†’C_TAL,age,-20.405572493117244,0.33755333979238145,False,0.3550650202956107
lcts6p,PC,C_TAL,PCâ†’C_TAL,sex_num,235.8457056781623,0.608899834836107,False,0.3550650202956107
lcts6p,PC,C_TAL,PCâ†’C_TAL,is_DKD,-256.52581863177375,0.727590576898122,False,0.3550650202956107
lcts6p,PC,C_TAL,PCâ†’C_TAL,is_HKD,363.7583035617884,0.5867761305029783,False,0.3550650202956107
cgly,PT_S2,PT_S1,PT_S2â†’PT_S1,eGFR,3.634780524503211,0.0633706325584089,False,0.7338406483989589
cgly,PT_S2,PT_S1,PT_S2â†’PT_S1,fibrosis,-1.561371286623944,0.16288802471310093,False,0.7338406483989589
cgly,PT_S2,PT_S1,PT_S2â†’PT_S1,age,-2.548823794020852,0.19423484787418474,False,0.7338406483989589
cgly,PT_S2,PT_S1,PT_S2â†’PT_S1,sex_num,15.135236800976212,0.7125850194566399,False,0.7338406483989589
cgly,PT_S2,PT_S1,PT_S2â†’PT_S1,is_DKD,165.61215041228397,0.03471145908951297,True,0.7338406483989589
cgly,PT_S2,PT_S1,PT_S2â†’PT_S1,is_HKD,197.46691277439896,0.010657091123135485,True,0.7338406483989589
asp_L,IC,PC,ICâ†’PC,eGFR,-2.9137127245669623,0.754788164548676,False,0.24334319041568253
asp_L,IC,PC,ICâ†’PC,fibrosis,-2.9888103935391293,0.6001674609597559,False,0.24334319041568253
asp_L,IC,PC,ICâ†’PC,age,-0.8377311944655084,0.933286857060305,False,0.24334319041568253
asp_L,IC,PC,ICâ†’PC,sex_num,-54.90470174708137,0.8053497975747892,False,0.24334319041568253
asp_L,IC,PC,ICâ†’PC,is_DKD,-27.6800709356191,0.9382184852199261,False,0.24334319041568253
asp_L,IC,PC,ICâ†’PC,is_HKD,224.6983124407066,0.49349167858985465,False,0.24334319041568253
glyc,PT_S2,PT_S1,PT_S2â†’PT_S1,eGFR,-10.169888571184071,0.9124123344741263,False,0.5297175725650658
glyc,PT_S2,PT_S1,PT_S2â†’PT_S1,fibrosis,-57.193709812590065,0.32591426495567855,False,0.5297175725650658
glyc,PT_S2,PT_S1,PT_S2â†’PT_S1,age,-3.7022425034679145,0.9703137294546753,False,0.5297175725650658
glyc,PT_S2,PT_S1,PT_S2â†’PT_S1,sex_num,-1653.4501241492264,0.46359575441151524,False,0.5297175725650658
glyc,PT_S2,PT_S1,PT_S2â†’PT_S1,is_DKD,532.5771639299401,0.8808486949553398,False,0.5297175725650658
glyc,PT_S2,PT_S1,PT_S2â†’PT_S1,is_HKD,4701.877408055223,0.1722545699438097,False,0.5297175725650658
gthrd,C_TAL,PC,C_TALâ†’PC,eGFR,41.553211813248815,0.02367975448967986,True,0.618704082704669
gthrd,C_TAL,PC,C_TALâ†’PC,fibrosis,3.0842720735065083,0.7352002201330452,False,0.618704082704669
gthrd,C_TAL,PC,C_TALâ†’PC,age,-20.44074314295415,0.2297112846320037,False,0.618704082704669
gthrd,C_TAL,PC,C_TALâ†’PC,sex_num,72.50870024000655,0.8395984241115586,False,0.618704082704669
gthrd,C_TAL,PC,C_TALâ†’PC,is_DKD,1139.2828278275085,0.07895066890825597,False,0.618704082704669
gthrd,C_TAL,PC,C_TALâ†’PC,is_HKD,1340.829239072938,0.03158965654254946,True,0.618704082704669
prostgf2,GS_Stromal,C_TAL,GS_Stromalâ†’C_TAL,eGFR,-210.6765001886968,0.7144004091545539,False,0.27543840709948997
prostgf2,GS_Stromal,C_TAL,GS_Stromalâ†’C_TAL,fibrosis,-362.05232582392847,0.31641406558160384,False,0.27543840709948997
prostgf2,GS_Stromal,C_TAL,GS_Stromalâ†’C_TAL,age,-96.9641307159775,0.8751499597510499,False,0.27543840709948997
prostgf2,GS_Stromal,C_TAL,GS_Stromalâ†’C_TAL,sex_num,-13738.32809745137,0.3332539076077552,False,0.27543840709948997
prostgf2,GS_Stromal,C_TAL,GS_Stromalâ†’C_TAL,is_DKD,13902.725017688803,0.5335379263849784,False,0.27543840709948997
prostgf2,GS_Stromal,C_TAL,GS_Stromalâ†’C_TAL,is_HKD,2865.900803258979,0.8853716109706804,False,0.27543840709948997
15kprostgf2,C_TAL,PT_S3,C_TALâ†’PT_S3,eGFR,35.02191388679772,0.867270433529318,False,0.3285718885043539
15kprostgf2,C_TAL,PT_S3,C_TALâ†’PT_S3,fibrosis,49.51545756682154,0.6984625919745077,False,0.3285718885043539
15kprostgf2,C_TAL,PT_S3,C_TALâ†’PT_S3,age,228.2826191150918,0.3286930494340967,False,0.3285718885043539
15kprostgf2,C_TAL,PT_S3,C_TALâ†’PT_S3,sex_num,1525.4112708929201,0.7614117419155522,False,0.3285718885043539
15kprostgf2,C_TAL,PT_S3,C_TALâ†’PT_S3,is_DKD,867.2747560283016,0.9141502359765568,False,0.3285718885043539
15kprostgf2,C_TAL,PT_S3,C_TALâ†’PT_S3,is_HKD,4807.4173872476695,0.5146602117265389,False,0.3285718885043539
aspasnglu,C_TAL,PEC,C_TALâ†’PEC,eGFR,-0.026754597385081888,0.5004003959113773,False,0.7716467542268793
aspasnglu,C_TAL,PEC,C_TALâ†’PEC,fibrosis,0.08400116729987107,0.007921682611588095,True,0.7716467542268793
aspasnglu,C_TAL,PEC,C_TALâ†’PEC,age,0.14339561479506138,0.009502684262906758,True,0.7716467542268793
aspasnglu,C_TAL,PEC,C_TALâ†’PEC,sex_num,2.0283751744472025,0.05901273573676709,False,0.7716467542268793
aspasnglu,C_TAL,PEC,C_TALâ†’PEC,is_DKD,-1.1023343858044035,0.4709446134800154,False,0.7716467542268793
aspasnglu,C_TAL,PEC,C_TALâ†’PEC,is_HKD,-1.933279194998432,0.18233435679730883,False,0.7716467542268793
sphs1p,C_TAL,PT_S3,C_TALâ†’PT_S3,eGFR,-0.053255644631212004,0.7477766018869212,False,0.3080485981292912
sphs1p,C_TAL,PT_S3,C_TALâ†’PT_S3,fibrosis,-0.0786622618314753,0.44251184212838757,False,0.3080485981292912
sphs1p,C_TAL,PT_S3,C_TALâ†’PT_S3,age,-0.11066886271640713,0.5389805999073205,False,0.3080485981292912
sphs1p,C_TAL,PT_S3,C_TALâ†’PT_S3,sex_num,-1.8377269828680882,0.6440494339090532,False,0.3080485981292912
sphs1p,C_TAL,PT_S3,C_TALâ†’PT_S3,is_DKD,-3.9728723466662976,0.5366376515336506,False,0.3080485981292912
sphs1p,C_TAL,PT_S3,C_TALâ†’PT_S3,is_HKD,1.0023097641743184,0.8610807640280435,False,0.3080485981292912
adn,PC,C_TAL,PCâ†’C_TAL,eGFR,1.1590512652320442,0.7606823249214363,False,0.40726315744573527
adn,PC,C_TAL,PCâ†’C_TAL,fibrosis,-2.3219971726310873,0.33069927564866086,False,0.40726315744573527
adn,PC,C_TAL,PCâ†’C_TAL,age,-2.6428521580345476,0.5237778378271436,False,0.40726315744573527
adn,PC,C_TAL,PCâ†’C_TAL,sex_num,-105.86662887699927,0.2656774855495875,False,0.40726315744573527
adn,PC,C_TAL,PCâ†’C_TAL,is_DKD,168.7813997227038,0.26892615415120047,False,0.40726315744573527
adn,PC,C_TAL,PCâ†’C_TAL,is_HKD,219.4261972420914,0.12743118536166456,False,0.40726315744573527
meoh,C_TAL,Fib,C_TALâ†’Fib,eGFR,0.003630444343666796,0.7588839128447881,False,0.6487781051740176
meoh,C_TAL,Fib,C_TALâ†’Fib,fibrosis,0.011697303926925987,0.13408714274088693,False,0.6487781051740176
meoh,C_TAL,Fib,C_TALâ†’Fib,age,-0.012350860773066913,0.34664311139739046,False,0.6487781051740176
meoh,C_TAL,Fib,C_TALâ†’Fib,sex_num,0.0860721162592836,0.760900941715352,False,0.6487781051740176
meoh,C_TAL,Fib,C_TALâ†’Fib,is_DKD,0.0020767483958012943,0.9963399648558766,False,0.6487781051740176
meoh,C_TAL,Fib,C_TALâ†’Fib,is_HKD,-0.09850801367080302,0.80995143120511,False,0.6487781051740176
serglyglu,Mono,Plasma_Cells,Monoâ†’Plasma_Cells,eGFR,-77.26552846814673,0.273510397337338,False,0.4042683839895971
serglyglu,Mono,Plasma_Cells,Monoâ†’Plasma_Cells,fibrosis,-51.65345538767478,0.23208293940611552,False,0.4042683839895971
serglyglu,Mono,Plasma_Cells,Monoâ†’Plasma_Cells,age,-1.8822099709420843,0.9792987849682814,False,0.4042683839895971
serglyglu,Mono,Plasma_Cells,Monoâ†’Plasma_Cells,sex_num,881.5433362838594,0.5885431114840258,False,0.4042683839895971
serglyglu,Mono,Plasma_Cells,Monoâ†’Plasma_Cells,is_DKD,971.2254089232991,0.7089820874657765,False,0.4042683839895971
serglyglu,Mono,Plasma_Cells,Monoâ†’Plasma_Cells,is_HKD,-747.9201019339699,0.7498679009110949,False,0.4042683839895971
amp,PT_S3,C_TAL,PT_S3â†’C_TAL,eGFR,-34.93554883709963,0.6433086187498784,False,0.22076475018374564
amp,PT_S3,C_TAL,PT_S3â†’C_TAL,fibrosis,-10.456660270054439,0.8183217145791608,False,0.22076475018374564
amp,PT_S3,C_TAL,PT_S3â†’C_TAL,age,7.604725235001595,0.9248087194519654,False,0.22076475018374564
amp,PT_S3,C_TAL,PT_S3â†’C_TAL,sex_num,-128.91824670114852,0.9425854275732014,False,0.22076475018374564
amp,PT_S3,C_TAL,PT_S3â†’C_TAL,is_DKD,-2939.039235629215,0.32456209056415053,False,0.22076475018374564
amp,PT_S3,C_TAL,PT_S3â†’C_TAL,is_HKD,-1190.2030581651213,0.6490802255524262,False,0.22076475018374564
atp,C_TAL,PT_S3,C_TALâ†’PT_S3,eGFR,-7.904376301033646,0.31221223384809266,False,0.7037870118444822
atp,C_TAL,PT_S3,C_TALâ†’PT_S3,fibrosis,14.263428448887765,0.014316787271934193,True,0.7037870118444822
atp,C_TAL,PT_S3,C_TALâ†’PT_S3,age,22.31973090665743,0.02445190570063668,True,0.7037870118444822
atp,C_TAL,PT_S3,C_TALâ†’PT_S3,sex_num,305.55148136314,0.12176999267374233,False,0.7037870118444822
atp,C_TAL,PT_S3,C_TALâ†’PT_S3,is_DKD,-311.86235530573475,0.30026035385031896,False,0.7037870118444822
atp,C_TAL,PT_S3,C_TALâ†’PT_S3,is_HKD,-271.1609196480927,0.31708917090307037,False,0.7037870118444822
Rtotal,PC,C_TAL,PCâ†’C_TAL,eGFR,-1.8016715984117455,0.4412977205123976,False,0.7890924465363849
Rtotal,PC,C_TAL,PCâ†’C_TAL,fibrosis,-4.418868806118755,0.01317365374674074,True,0.7890924465363849
Rtotal,PC,C_TAL,PCâ†’C_TAL,age,0.0900653241668028,0.9708238398912178,False,0.7890924465363849
Rtotal,PC,C_TAL,PCâ†’C_TAL,sex_num,-225.80219691709578,0.0036693157677095962,True,0.7890924465363849
Rtotal,PC,C_TAL,PCâ†’C_TAL,is_DKD,1.723422324674143,0.9843525784998329,False,0.7890924465363849
Rtotal,PC,C_TAL,PCâ†’C_TAL,is_HKD,-16.001005166988804,0.8403940361130418,False,0.7890924465363849
mag_hs,Fib,CD4T,Fibâ†’CD4T,eGFR,54.764243413953366,0.3973522203689101,False,0.4602487458588913
mag_hs,Fib,CD4T,Fibâ†’CD4T,fibrosis,-8.175132985680632,0.8309341468224523,False,0.4602487458588913
mag_hs,Fib,CD4T,Fibâ†’CD4T,age,54.64038312281488,0.43104932646442995,False,0.4602487458588913
mag_hs,Fib,CD4T,Fibâ†’CD4T,sex_num,-2942.243490794601,0.08254352603353514,False,0.4602487458588913
mag_hs,Fib,CD4T,Fibâ†’CD4T,is_DKD,1025.7632401698293,0.6735514983830933,False,0.4602487458588913
mag_hs,Fib,CD4T,Fibâ†’CD4T,is_HKD,153.79469415256347,0.9438564647181542,False,0.4602487458588913
dag_hs,C_TAL,PT_S3,C_TALâ†’PT_S3,eGFR,5.525181382194349,0.8861351164766557,False,0.6784183893996563
dag_hs,C_TAL,PT_S3,C_TALâ†’PT_S3,fibrosis,10.298660814779172,0.6622575802432844,False,0.6784183893996563
dag_hs,C_TAL,PT_S3,C_TALâ†’PT_S3,age,83.95752897490395,0.07427543435953313,False,0.6784183893996563
dag_hs,C_TAL,PT_S3,C_TALâ†’PT_S3,sex_num,-580.6476279232271,0.534892550134507,False,0.6784183893996563
dag_hs,C_TAL,PT_S3,C_TALâ†’PT_S3,is_DKD,2305.1760061514806,0.15081144938872626,False,0.6784183893996563
dag_hs,C_TAL,PT_S3,C_TALâ†’PT_S3,is_HKD,-355.97266236942204,0.7906078451732188,False,0.6784183893996563
2hb,M_TAL,C_TAL,M_TALâ†’C_TAL,eGFR,-4.525671981693747,0.7979154756852233,False,0.3048756654455341
2hb,M_TAL,C_TAL,M_TALâ†’C_TAL,fibrosis,-0.3402551013996933,0.9746434207450678,False,0.3048756654455341
2hb,M_TAL,C_TAL,M_TALâ†’C_TAL,age,-6.376887962520889,0.7379465496710809,False,0.3048756654455341
2hb,M_TAL,C_TAL,M_TALâ†’C_TAL,sex_num,372.9315309854512,0.38991213641445754,False,0.3048756654455341
2hb,M_TAL,C_TAL,M_TALâ†’C_TAL,is_DKD,-640.8765768897689,0.3594954592218092,False,0.3048756654455341
2hb,M_TAL,C_TAL,M_TALâ†’C_TAL,is_HKD,-717.1890487110904,0.26360273295070236,False,0.3048756654455341
dgmp,C_TAL,GS_Stromal,C_TALâ†’GS_Stromal,eGFR,-1063.5216322343072,0.21428114568993264,False,0.47940848660577595
dgmp,C_TAL,GS_Stromal,C_TALâ†’GS_Stromal,fibrosis,-1045.207051375051,0.06272490086501485,False,0.47940848660577595
dgmp,C_TAL,GS_Stromal,C_TALâ†’GS_Stromal,age,-735.8762370006118,0.40912315953581047,False,0.47940848660577595
dgmp,C_TAL,GS_Stromal,C_TALâ†’GS_Stromal,sex_num,-9202.89672737844,0.6363329165532309,False,0.47940848660577595
dgmp,C_TAL,GS_Stromal,C_TALâ†’GS_Stromal,is_DKD,-6335.223382119593,0.8383102541826171,False,0.47940848660577595
dgmp,C_TAL,GS_Stromal,C_TALâ†’GS_Stromal,is_HKD,6975.9789107386305,0.8035953969406635,False,0.47940848660577595
ppi,C_TAL,GS_Stromal,C_TALâ†’GS_Stromal,eGFR,-1063.5216322343072,0.21428114568993264,False,0.47940848660577595
ppi,C_TAL,GS_Stromal,C_TALâ†’GS_Stromal,fibrosis,-1045.207051375051,0.06272490086501485,False,0.47940848660577595
ppi,C_TAL,GS_Stromal,C_TALâ†’GS_Stromal,age,-735.8762370006118,0.40912315953581047,False,0.47940848660577595
ppi,C_TAL,GS_Stromal,C_TALâ†’GS_Stromal,sex_num,-9202.896727378438,0.636332916553231,False,0.47940848660577595
ppi,C_TAL,GS_Stromal,C_TALâ†’GS_Stromal,is_DKD,-6335.223382119593,0.8383102541826171,False,0.47940848660577595
ppi,C_TAL,GS_Stromal,C_TALâ†’GS_Stromal,is_HKD,6975.978910738629,0.8035953969406635,False,0.47940848660577595
dgtp,GS_Stromal,C_TAL,GS_Stromalâ†’C_TAL,eGFR,-1063.5216322343074,0.21428114568993264,False,0.47940848660577606
dgtp,GS_Stromal,C_TAL,GS_Stromalâ†’C_TAL,fibrosis,-1045.207051375051,0.06272490086501485,False,0.47940848660577606
dgtp,GS_Stromal,C_TAL,GS_Stromalâ†’C_TAL,age,-735.876237000612,0.40912315953581024,False,0.47940848660577606
dgtp,GS_Stromal,C_TAL,GS_Stromalâ†’C_TAL,sex_num,-9202.896727378435,0.636332916553231,False,0.47940848660577606
dgtp,GS_Stromal,C_TAL,GS_Stromalâ†’C_TAL,is_DKD,-6335.2233821196005,0.8383102541826168,False,0.47940848660577606
dgtp,GS_Stromal,C_TAL,GS_Stromalâ†’C_TAL,is_HKD,6975.978910738627,0.8035953969406635,False,0.47940848660577606
dttp,C_TAL,Fib,C_TALâ†’Fib,eGFR,-0.18495532324247796,0.5004003959113771,False,0.7716467542268796
dttp,C_TAL,Fib,C_TALâ†’Fib,fibrosis,0.5807025546703278,0.00792168261158807,True,0.7716467542268796
dttp,C_TAL,Fib,C_TALâ†’Fib,age,0.9912981273552159,0.009502684262906728,True,0.7716467542268796
dttp,C_TAL,Fib,C_TALâ†’Fib,sex_num,14.022217589268788,0.05901273573676695,False,0.7716467542268796
dttp,C_TAL,Fib,C_TALâ†’Fib,is_DKD,-7.620470220995919,0.4709446134800154,False,0.7716467542268796
dttp,C_TAL,Fib,C_TALâ†’Fib,is_HKD,-13.36481626997947,0.18233435679730875,False,0.7716467542268796
dtmp,Fib,C_TAL,Fibâ†’C_TAL,eGFR,-0.00672037842477842,0.5004003959113771,False,0.7716467542268793
dtmp,Fib,C_TAL,Fibâ†’C_TAL,fibrosis,0.02109991132563359,0.007921682611588078,True,0.7716467542268793
dtmp,Fib,C_TAL,Fibâ†’C_TAL,age,0.03601896085395412,0.00950268426290675,True,0.7716467542268793
dtmp,Fib,C_TAL,Fibâ†’C_TAL,sex_num,0.5094993044938105,0.05901273573676703,False,0.7716467542268793
dtmp,Fib,C_TAL,Fibâ†’C_TAL,is_DKD,-0.27689088782109544,0.4709446134800154,False,0.7716467542268793
dtmp,Fib,C_TAL,Fibâ†’C_TAL,is_HKD,-0.48561253246086505,0.1823343567973088,False,0.7716467542268793
dtdp,Fib,C_TAL,Fibâ†’C_TAL,eGFR,-0.4712839751181362,0.5004003959113772,False,0.7716467542268794
dtdp,Fib,C_TAL,Fibâ†’C_TAL,fibrosis,1.4796860318937544,0.007921682611588078,True,0.7716467542268794
dtdp,Fib,C_TAL,Fibâ†’C_TAL,age,2.525923092111547,0.00950268426290675,True,0.7716467542268794
dtdp,Fib,C_TAL,Fibâ†’C_TAL,sex_num,35.72996077965442,0.05901273573676703,False,0.7716467542268794
dtdp,Fib,C_TAL,Fibâ†’C_TAL,is_DKD,-19.41769198668576,0.4709446134800154,False,0.7716467542268794
dtdp,Fib,C_TAL,Fibâ†’C_TAL,is_HKD,-34.054838909296585,0.1823343567973088,False,0.7716467542268794
gal,PT_S3,PT_S2,PT_S3â†’PT_S2,eGFR,125.09415016312681,0.8063224596436218,False,0.6925775755174761
gal,PT_S3,PT_S2,PT_S3â†’PT_S2,fibrosis,-423.09366855861913,0.19898340592545616,False,0.6925775755174761
gal,PT_S3,PT_S2,PT_S3â†’PT_S2,age,458.0344620867894,0.4151041915574787,False,0.6925775755174761
gal,PT_S3,PT_S2,PT_S3â†’PT_S2,sex_num,-28159.874402983376,0.04769398671416492,True,0.6925775755174761
gal,PT_S3,PT_S2,PT_S3â†’PT_S2,is_DKD,31675.268127598123,0.13715179085152499,False,0.6925775755174761
gal,PT_S3,PT_S2,PT_S3â†’PT_S2,is_HKD,40291.1488443478,0.04997924069868495,True,0.6925775755174761
ala_D,iPT,C_TAL,iPTâ†’C_TAL,eGFR,-68.96085856189583,0.771791715203527,False,0.21071610912583683
ala_D,iPT,C_TAL,iPTâ†’C_TAL,fibrosis,-138.27982335017458,0.35252060761424636,False,0.21071610912583683
ala_D,iPT,C_TAL,iPTâ†’C_TAL,age,10.073005898934241,0.9685078951910729,False,0.21071610912583683
ala_D,iPT,C_TAL,iPTâ†’C_TAL,sex_num,-192.18539604960722,0.972954631408836,False,0.21071610912583683
ala_D,iPT,C_TAL,iPTâ†’C_TAL,is_DKD,2244.056723140294,0.8057521703147195,False,0.21071610912583683
ala_D,iPT,C_TAL,iPTâ†’C_TAL,is_HKD,2059.2416769235306,0.8026372887594491,False,0.21071610912583683
prostge2,C_TAL,GS_Stromal,C_TALâ†’GS_Stromal,eGFR,-0.37290148280283314,0.5003740547898377,False,0.7716471158141733
prostge2,C_TAL,GS_Stromal,C_TALâ†’GS_Stromal,fibrosis,1.1707222052130217,0.007921640801222095,True,0.7716471158141733
prostge2,C_TAL,GS_Stromal,C_TALâ†’GS_Stromal,age,1.9985326916734232,0.00950192362870129,True,0.7716471158141733
prostge2,C_TAL,GS_Stromal,C_TALâ†’GS_Stromal,sex_num,28.26895842831733,0.059015688759934716,False,0.7716471158141733
prostge2,C_TAL,GS_Stromal,C_TALâ†’GS_Stromal,is_DKD,-15.36375071889846,0.47092905986376654,False,0.7716471158141733
prostge2,C_TAL,GS_Stromal,C_TALâ†’GS_Stromal,is_HKD,-26.943669653892208,0.18233956151965927,False,0.7716471158141733
4abut,iPT,PT_S1,iPTâ†’PT_S1,eGFR,-1.3807235715030404,0.992983151036902,False,0.19532185448069828
4abut,iPT,PT_S1,iPTâ†’PT_S1,fibrosis,-102.58085757914763,0.3015846077088804,False,0.19532185448069828
4abut,iPT,PT_S1,iPTâ†’PT_S1,age,-157.66320973599147,0.36588421741788596,False,0.19532185448069828
4abut,iPT,PT_S1,iPTâ†’PT_S1,sex_num,-1589.278064981317,0.6741698996970658,False,0.19532185448069828
4abut,iPT,PT_S1,iPTâ†’PT_S1,is_DKD,2847.0860107336957,0.6396673286470627,False,0.19532185448069828
4abut,iPT,PT_S1,iPTâ†’PT_S1,is_HKD,3345.1051410111527,0.5446099614595903,False,0.19532185448069828
mal_L,C_TAL,PT_S2,C_TALâ†’PT_S2,eGFR,-27.202004673519387,0.2826760149033566,False,0.37618619942841347
mal_L,C_TAL,PT_S2,C_TALâ†’PT_S2,fibrosis,-3.373799740595658,0.81890131120823,False,0.37618619942841347
mal_L,C_TAL,PT_S2,C_TALâ†’PT_S2,age,-12.720655424692449,0.6287030766086246,False,0.37618619942841347
mal_L,C_TAL,PT_S2,C_TALâ†’PT_S2,sex_num,-118.00139030973295,0.8388444447908973,False,0.37618619942841347
mal_L,C_TAL,PT_S2,C_TALâ†’PT_S2,is_DKD,-845.1350180568984,0.377950512433128,False,0.37618619942841347
mal_L,C_TAL,PT_S2,C_TALâ†’PT_S2,is_HKD,-112.83728968704865,0.8932195542297066,False,0.37618619942841347
ser_D,C_TAL,iPT,C_TALâ†’iPT,eGFR,-230.21720840628765,0.23473765051649134,False,0.4301969971455031
ser_D,C_TAL,iPT,C_TALâ†’iPT,fibrosis,-129.15070905939334,0.2686944303818421,False,0.4301969971455031
ser_D,C_TAL,iPT,C_TALâ†’iPT,age,-140.37545095561092,0.4854020089495297,False,0.4301969971455031
ser_D,C_TAL,iPT,C_TALâ†’iPT,sex_num,3720.8374027605682,0.40876955529000847,False,0.4301969971455031
ser_D,C_TAL,iPT,C_TALâ†’iPT,is_DKD,-2822.6972138547053,0.690591453185464,False,0.4301969971455031
ser_D,C_TAL,iPT,C_TALâ†’iPT,is_HKD,2497.0680138652187,0.6964326587570043,False,0.4301969971455031
4nph,Plasma_Cells,Mac,Plasma_Cellsâ†’Mac,eGFR,11.683375478718569,0.9494701753773209,False,0.4550674600573674
4nph,Plasma_Cells,Mac,Plasma_Cellsâ†’Mac,fibrosis,-178.12358895749063,0.14307482511921674,False,0.4550674600573674
4nph,Plasma_Cells,Mac,Plasma_Cellsâ†’Mac,age,-171.3977876487375,0.400462114623917,False,0.4550674600573674
4nph,Plasma_Cells,Mac,Plasma_Cellsâ†’Mac,sex_num,705.1017341515856,0.8730508994592708,False,0.4550674600573674
4nph,Plasma_Cells,Mac,Plasma_Cellsâ†’Mac,is_DKD,8740.316660219018,0.24164162198106015,False,0.4550674600573674
4nph,Plasma_Cells,Mac,Plasma_Cellsâ†’Mac,is_HKD,10178.90890664177,0.14293479628359304,False,0.4550674600573674
npphos,Mac,Plasma_Cells,Macâ†’Plasma_Cells,eGFR,11.683375478718569,0.9494701753773209,False,0.4550674600573674
npphos,Mac,Plasma_Cells,Macâ†’Plasma_Cells,fibrosis,-178.12358895749063,0.14307482511921674,False,0.4550674600573674
npphos,Mac,Plasma_Cells,Macâ†’Plasma_Cells,age,-171.3977876487375,0.400462114623917,False,0.4550674600573674
npphos,Mac,Plasma_Cells,Macâ†’Plasma_Cells,sex_num,705.1017341515856,0.8730508994592708,False,0.4550674600573674
npphos,Mac,Plasma_Cells,Macâ†’Plasma_Cells,is_DKD,8740.316660219018,0.24164162198106015,False,0.4550674600573674
npphos,Mac,Plasma_Cells,Macâ†’Plasma_Cells,is_HKD,10178.90890664177,0.14293479628359304,False,0.4550674600573674
thrglnglu,GS_Stromal,C_TAL,GS_Stromalâ†’C_TAL,eGFR,-0.030249258041183807,0.6981924949450464,False,0.9104174435207948
thrglnglu,GS_Stromal,C_TAL,GS_Stromalâ†’C_TAL,fibrosis,0.30536038087231737,0.0002725774549495018,True,0.9104174435207948
thrglnglu,GS_Stromal,C_TAL,GS_Stromalâ†’C_TAL,age,0.22686670031943745,0.025936841187453836,True,0.9104174435207948
thrglnglu,GS_Stromal,C_TAL,GS_Stromalâ†’C_TAL,sex_num,5.584620040257868,0.01685529408234851,True,0.9104174435207948
thrglnglu,GS_Stromal,C_TAL,GS_Stromalâ†’C_TAL,is_DKD,-2.589979825853715,0.3976643753025495,False,0.9104174435207948
thrglnglu,GS_Stromal,C_TAL,GS_Stromalâ†’C_TAL,is_HKD,-5.472838837361973,0.07297830743605438,False,0.9104174435207948
asplysglu,C_TAL,Plasma_Cells,C_TALâ†’Plasma_Cells,eGFR,-0.002882786565827811,0.5004003959113773,False,0.7716467542268792
asplysglu,C_TAL,Plasma_Cells,C_TALâ†’Plasma_Cells,fibrosis,0.00905105889356225,0.007921682611588095,True,0.7716467542268792
asplysglu,C_TAL,Plasma_Cells,C_TALâ†’Plasma_Cells,age,0.015450763320412321,0.009502684262906758,True,0.7716467542268792
asplysglu,C_TAL,Plasma_Cells,C_TALâ†’Plasma_Cells,sex_num,0.21855581002371868,0.05901273573676709,False,0.7716467542268792
asplysglu,C_TAL,Plasma_Cells,C_TALâ†’Plasma_Cells,is_DKD,-0.11877565237512763,0.4709446134800156,False,0.7716467542268792
asplysglu,C_TAL,Plasma_Cells,C_TALâ†’Plasma_Cells,is_HKD,-0.2083092939549696,0.1823343567973088,False,0.7716467542268792
cholp,Mono,C_TAL,Monoâ†’C_TAL,eGFR,-0.010788876265295172,0.5004003959113773,False,0.7716467542268792
cholp,Mono,C_TAL,Monoâ†’C_TAL,fibrosis,0.033873737178493304,0.007921682611588083,True,0.7716467542268792
cholp,Mono,C_TAL,Monoâ†’C_TAL,age,0.05782473653939128,0.009502684262906758,True,0.7716467542268792
cholp,Mono,C_TAL,Monoâ†’C_TAL,sex_num,0.8179487234186387,0.05901273573676709,False,0.7716467542268792
cholp,Mono,C_TAL,Monoâ†’C_TAL,is_DKD,-0.44451983785243787,0.4709446134800156,False,0.7716467542268792
cholp,Mono,C_TAL,Monoâ†’C_TAL,is_HKD,-0.7796009680466249,0.1823343567973088,False,0.7716467542268792
tyrala,C_TAL,CD4T,C_TALâ†’CD4T,eGFR,-0.11980435870331961,0.5004003959113773,False,0.7716467542268792
tyrala,C_TAL,CD4T,C_TALâ†’CD4T,fibrosis,0.3761486608766067,0.007921682611588083,True,0.7716467542268792
tyrala,C_TAL,CD4T,C_TALâ†’CD4T,age,0.6421109398181286,0.009502684262906758,True,0.7716467542268792
tyrala,C_TAL,CD4T,C_TALâ†’CD4T,sex_num,9.082857181019671,0.05901273573676709,False,0.7716467542268792
tyrala,C_TAL,CD4T,C_TALâ†’CD4T,is_DKD,-4.936140965498219,0.4709446134800154,False,0.7716467542268792
tyrala,C_TAL,CD4T,C_TALâ†’CD4T,is_HKD,-8.657027082769842,0.18233435679730883,False,0.7716467542268792
orot,C_TAL,CD4T,C_TALâ†’CD4T,eGFR,0.26217795986433884,0.7661259417577404,False,0.34155021509528216
orot,C_TAL,CD4T,C_TALâ†’CD4T,fibrosis,-0.8213333884178978,0.15457148322260558,False,0.34155021509528216
orot,C_TAL,CD4T,C_TALâ†’CD4T,age,-1.0412125747423784,0.29140307143766714,False,0.34155021509528216
orot,C_TAL,CD4T,C_TALâ†’CD4T,sex_num,-11.5980757096814,0.5851938504422288,False,0.34155021509528216
orot,C_TAL,CD4T,C_TALâ†’CD4T,is_DKD,19.382068750551753,0.5704652253349217,False,0.34155021509528216
orot,C_TAL,CD4T,C_TALâ†’CD4T,is_HKD,2.359387698463352,0.9382842399947444,False,0.34155021509528216
retn,PT_S3,C_TAL,PT_S3â†’C_TAL,eGFR,-0.504143370078686,0.5004003959113773,False,0.7716467542268792
retn,PT_S3,C_TAL,PT_S3â†’C_TAL,fibrosis,1.5828543768972476,0.007921682611588095,True,0.7716467542268792
retn,PT_S3,C_TAL,PT_S3â†’C_TAL,age,2.7020383621095583,0.009502684262906765,True,0.7716467542268792
retn,PT_S3,C_TAL,PT_S3â†’C_TAL,sex_num,38.221165563117125,0.05901273573676709,False,0.7716467542268792
retn,PT_S3,C_TAL,PT_S3â†’C_TAL,is_DKD,-20.77155429454987,0.4709446134800156,False,0.7716467542268792
retn,PT_S3,C_TAL,PT_S3â†’C_TAL,is_HKD,-36.429248948929214,0.18233435679730886,False,0.7716467542268792
34dhoxpeg,C_TAL,PC,C_TALâ†’PC,eGFR,-0.10636917275981977,0.4929845150398877,False,0.7932088193566316
34dhoxpeg,C_TAL,PC,C_TALâ†’PC,fibrosis,0.3563697270373978,0.005249223392617098,True,0.7932088193566316
34dhoxpeg,C_TAL,PC,C_TALâ†’PC,age,0.5769969114019754,0.008236335570030638,True,0.7932088193566316
34dhoxpeg,C_TAL,PC,C_TALâ†’PC,sex_num,8.414760238827256,0.04800631291974878,True,0.7932088193566316
34dhoxpeg,C_TAL,PC,C_TALâ†’PC,is_DKD,-4.525670427065832,0.44943381432135476,False,0.7932088193566316
34dhoxpeg,C_TAL,PC,C_TALâ†’PC,is_HKD,-8.036229838080859,0.15912606059893614,False,0.7932088193566316
gthox,C_TAL,GS_Stromal,C_TALâ†’GS_Stromal,eGFR,3.0630239161586728,0.7236668108624481,False,0.5229858530407805
gthox,C_TAL,GS_Stromal,C_TALâ†’GS_Stromal,fibrosis,-4.793178823473183,0.3743148687730601,False,0.5229858530407805
gthox,C_TAL,GS_Stromal,C_TALâ†’GS_Stromal,age,-19.919382651783394,0.06151888005396186,False,0.5229858530407805
gthox,C_TAL,GS_Stromal,C_TALâ†’GS_Stromal,sex_num,192.67533685119997,0.36519727163195753,False,0.5229858530407805
gthox,C_TAL,GS_Stromal,C_TALâ†’GS_Stromal,is_DKD,-91.95234685349887,0.7819244354986945,False,0.5229858530407805
gthox,C_TAL,GS_Stromal,C_TALâ†’GS_Stromal,is_HKD,132.56162304679867,0.6598871217256472,False,0.5229858530407805
hisglnala,C_TAL,IC,C_TALâ†’IC,eGFR,-0.0006170289707754686,0.5004003959113772,False,0.7716467542268793
hisglnala,C_TAL,IC,C_TALâ†’IC,fibrosis,0.0019372802758705675,0.007921682611588083,True,0.7716467542268793
hisglnala,C_TAL,IC,C_TALâ†’IC,age,0.0033070670934501707,0.00950268426290675,True,0.7716467542268793
hisglnala,C_TAL,IC,C_TALâ†’IC,sex_num,0.0467794834742507,0.05901273573676703,False,0.7716467542268793
hisglnala,C_TAL,IC,C_TALâ†’IC,is_DKD,-0.025422630799989427,0.4709446134800154,False,0.7716467542268793
hisglnala,C_TAL,IC,C_TALâ†’IC,is_HKD,-0.044586328650067925,0.1823343567973088,False,0.7716467542268793
leu_L,PT_S3,iPT,PT_S3â†’iPT,eGFR,0.29494710672196645,0.7885185540177311,False,0.2903331231984049
leu_L,PT_S3,iPT,PT_S3â†’iPT,fibrosis,0.14975235790641844,0.8223660770421323,False,0.2903331231984049
leu_L,PT_S3,iPT,PT_S3â†’iPT,age,0.9729938867005974,0.4212847832540839,False,0.2903331231984049
leu_L,PT_S3,iPT,PT_S3â†’iPT,sex_num,7.333165086907941,0.780407574093661,False,0.2903331231984049
leu_L,PT_S3,iPT,PT_S3â†’iPT,is_DKD,11.441917915572914,0.7864936652855117,False,0.2903331231984049
leu_L,PT_S3,iPT,PT_S3â†’iPT,is_HKD,26.020007016410545,0.5012525376483443,False,0.2903331231984049
ura,C_TAL,PC,C_TALâ†’PC,eGFR,11.358206065304994,0.8959141913341684,False,0.48476053295903254
ura,C_TAL,PC,C_TALâ†’PC,fibrosis,-17.233426793270336,0.7445443169593338,False,0.48476053295903254
ura,C_TAL,PC,C_TALâ†’PC,age,-103.70206001863488,0.2876851114616457,False,0.48476053295903254
ura,C_TAL,PC,C_TALâ†’PC,sex_num,2452.3159438647012,0.2603257002440444,False,0.48476053295903254
ura,C_TAL,PC,C_TALâ†’PC,is_DKD,-3239.088097072093,0.34744563139848844,False,0.48476053295903254
ura,C_TAL,PC,C_TALâ†’PC,is_HKD,-3344.563916160635,0.2872162343204397,False,0.48476053295903254
uri,C_TAL,PC,C_TALâ†’PC,eGFR,-0.5300483121218265,0.9808728973724933,False,0.20027126857518163
uri,C_TAL,PC,C_TALâ†’PC,fibrosis,-5.359208131730808,0.6914471249444609,False,0.20027126857518163
uri,C_TAL,PC,C_TALâ†’PC,age,-14.296201672042605,0.5533442359294316,False,0.20027126857518163
uri,C_TAL,PC,C_TALâ†’PC,sex_num,304.53212782789103,0.5694190629336887,False,0.20027126857518163
uri,C_TAL,PC,C_TALâ†’PC,is_DKD,-417.5785054099291,0.6260618715856767,False,0.20027126857518163
uri,C_TAL,PC,C_TALâ†’PC,is_HKD,-262.03313428099335,0.733658376243364,False,0.20027126857518163
lac_D,PT_S1,PT_S3,PT_S1â†’PT_S3,eGFR,314.95703112791756,0.840013354986249,False,0.3131627891380351
lac_D,PT_S1,PT_S3,PT_S1â†’PT_S3,fibrosis,-437.71291622031356,0.6461367658290877,False,0.3131627891380351
lac_D,PT_S1,PT_S3,PT_S1â†’PT_S3,age,422.7210945431302,0.8014308043713565,False,0.3131627891380351
lac_D,PT_S1,PT_S3,PT_S1â†’PT_S3,sex_num,-2555.2650683185475,0.9453274046152125,False,0.3131627891380351
lac_D,PT_S1,PT_S3,PT_S1â†’PT_S3,is_DKD,40114.70607626576,0.5096569204035923,False,0.3131627891380351
lac_D,PT_S1,PT_S3,PT_S1â†’PT_S3,is_HKD,64519.11715608807,0.2557712339842999,False,0.3131627891380351
fru,Fib,CD4T,Fibâ†’CD4T,eGFR,-152.3139694681418,0.5221136625586716,False,0.45026585209694103
fru,Fib,CD4T,Fibâ†’CD4T,fibrosis,-187.8905345674115,0.2133492493374392,False,0.45026585209694103
fru,Fib,CD4T,Fibâ†’CD4T,age,-246.74999990529352,0.3443799126562663,False,0.45026585209694103
fru,Fib,CD4T,Fibâ†’CD4T,sex_num,2820.5923636805164,0.6180082817706967,False,0.45026585209694103
fru,Fib,CD4T,Fibâ†’CD4T,is_DKD,554.619571901195,0.9508663274941505,False,0.45026585209694103
fru,Fib,CD4T,Fibâ†’CD4T,is_HKD,8338.81000624965,0.32284154299259726,False,0.45026585209694103
10fthf5glu,C_TAL,PT_S3,C_TALâ†’PT_S3,eGFR,-52.98707872161229,0.5870449299715357,False,0.33447703177505406
10fthf5glu,C_TAL,PT_S3,C_TALâ†’PT_S3,fibrosis,-73.68697738068886,0.2335801061560964,False,0.33447703177505406
10fthf5glu,C_TAL,PT_S3,C_TALâ†’PT_S3,age,-11.924494363592018,0.9086265329957154,False,0.33447703177505406
10fthf5glu,C_TAL,PT_S3,C_TALâ†’PT_S3,sex_num,1036.4010324088774,0.6557309042316828,False,0.33447703177505406
10fthf5glu,C_TAL,PT_S3,C_TALâ†’PT_S3,is_DKD,-56.97386158823896,0.9877340850445955,False,0.33447703177505406
10fthf5glu,C_TAL,PT_S3,C_TALâ†’PT_S3,is_HKD,-664.5745502983582,0.8427779741376555,False,0.33447703177505406
gsn,PT_S1,CNT,PT_S1â†’CNT,eGFR,46.415548506936446,0.21028941884409041,False,0.43319196453975695
gsn,PT_S1,CNT,PT_S1â†’CNT,fibrosis,-19.21266753141796,0.37836718181084555,False,0.43319196453975695
gsn,PT_S1,CNT,PT_S1â†’CNT,age,-28.707398509646737,0.4541180952432765,False,0.43319196453975695
gsn,PT_S1,CNT,PT_S1â†’CNT,sex_num,-1250.4210069326386,0.16423995634707134,False,0.43319196453975695
gsn,PT_S1,CNT,PT_S1â†’CNT,is_DKD,2454.7065711458963,0.09938848893714579,False,0.43319196453975695
gsn,PT_S1,CNT,PT_S1â†’CNT,is_HKD,1793.4015564198899,0.16827577944906022,False,0.43319196453975695
ade,Mes,VSMC/Pericyte,Mesâ†’VSMC/Pericyte,eGFR,17.348619953311328,0.04346996381954397,True,0.6547339420730947
ade,Mes,VSMC/Pericyte,Mesâ†’VSMC/Pericyte,fibrosis,-3.565785793189577,0.43245562679227034,False,0.6547339420730947
ade,Mes,VSMC/Pericyte,Mesâ†’VSMC/Pericyte,age,-12.810249640410492,0.13537734782243355,False,0.6547339420730947
ade,Mes,VSMC/Pericyte,Mesâ†’VSMC/Pericyte,sex_num,-4.1050775939947215,0.9812622551394516,False,0.6547339420730947
ade,Mes,VSMC/Pericyte,Mesâ†’VSMC/Pericyte,is_DKD,737.8291893615583,0.029616884037577635,True,0.6547339420730947
ade,Mes,VSMC/Pericyte,Mesâ†’VSMC/Pericyte,is_HKD,814.6658738047037,0.012576107406978015,True,0.6547339420730947
ins,VSMC/Pericyte,C_TAL,VSMC/Pericyteâ†’C_TAL,eGFR,7.898587389048263,0.9088864370019609,False,0.44537551340126336
ins,VSMC/Pericyte,C_TAL,VSMC/Pericyteâ†’C_TAL,fibrosis,-47.58240768578894,0.27755309599237066,False,0.44537551340126336
ins,VSMC/Pericyte,C_TAL,VSMC/Pericyteâ†’C_TAL,age,-60.46526347386074,0.4266784162979955,False,0.44537551340126336
ins,VSMC/Pericyte,C_TAL,VSMC/Pericyteâ†’C_TAL,sex_num,-2449.686526873358,0.1677865446972019,False,0.44537551340126336
ins,VSMC/Pericyte,C_TAL,VSMC/Pericyteâ†’C_TAL,is_DKD,3048.7906813105,0.27202388742336076,False,0.44537551340126336
ins,VSMC/Pericyte,C_TAL,VSMC/Pericyteâ†’C_TAL,is_HKD,3544.3645465110176,0.16860254760402266,False,0.44537551340126336
gua,Endo_G,Podo,Endo_Gâ†’Podo,eGFR,-7.284222453386039,0.7175616206529538,False,0.2747233263530795
gua,Endo_G,Podo,Endo_Gâ†’Podo,fibrosis,-15.751211124176715,0.2215989397987925,False,0.2747233263530795
gua,Endo_G,Podo,Endo_Gâ†’Podo,age,-15.569704964893617,0.47883662273141525,False,0.2747233263530795
gua,Endo_G,Podo,Endo_Gâ†’Podo,sex_num,-123.90577266568161,0.7964859710697012,False,0.2747233263530795
gua,Endo_G,Podo,Endo_Gâ†’Podo,is_DKD,438.4678892892336,0.5735642446801015,False,0.2747233263530795
gua,Endo_G,Podo,Endo_Gâ†’Podo,is_HKD,591.2549472592173,0.4072169522182043,False,0.2747233263530795
5dhf,PT_S1,PT_S3,PT_S1â†’PT_S3,eGFR,322.2574129378801,0.03469835693442543,True,0.6766328574845907
5dhf,PT_S1,PT_S3,PT_S1â†’PT_S3,fibrosis,13.438612721835273,0.8625818294930341,False,0.6766328574845907
5dhf,PT_S1,PT_S3,PT_S1â†’PT_S3,age,-73.39402162186354,0.5973963983512811,False,0.6766328574845907
5dhf,PT_S1,PT_S3,PT_S1â†’PT_S3,sex_num,-1779.9855704770257,0.5650455592217851,False,0.6766328574845907
5dhf,PT_S1,PT_S3,PT_S1â†’PT_S3,is_DKD,8095.956028878706,0.13106650139173087,False,0.6766328574845907
5dhf,PT_S1,PT_S3,PT_S1â†’PT_S3,is_HKD,13204.697662974144,0.017596134296671173,True,0.6766328574845907
gdp,PC,C_TAL,PCâ†’C_TAL,eGFR,245.58391233854198,0.31430672303461304,False,0.36334658371063544
gdp,PC,C_TAL,PCâ†’C_TAL,fibrosis,18.189433334968978,0.8985189004375549,False,0.36334658371063544
gdp,PC,C_TAL,PCâ†’C_TAL,age,-330.12568550034666,0.21793372766966615,False,0.36334658371063544
gdp,PC,C_TAL,PCâ†’C_TAL,sex_num,-429.2350855813702,0.9390785311051801,False,0.36334658371063544
gdp,PC,C_TAL,PCâ†’C_TAL,is_DKD,7433.614557786548,0.42130736922209255,False,0.36334658371063544
gdp,PC,C_TAL,PCâ†’C_TAL,is_HKD,2721.31580770269,0.7392625110276465,False,0.36334658371063544
creat,iPT,PT_S3,iPTâ†’PT_S3,eGFR,-1.637671995232777,0.6758639886815037,False,0.34739205776244975
creat,iPT,PT_S3,iPTâ†’PT_S3,fibrosis,-2.3080038977036024,0.3450402065811903,False,0.34739205776244975
creat,iPT,PT_S3,iPTâ†’PT_S3,age,0.5955296787893629,0.8870169014493487,False,0.34739205776244975
creat,iPT,PT_S3,iPTâ†’PT_S3,sex_num,-153.89770450312147,0.13029803602470894,False,0.34739205776244975
creat,iPT,PT_S3,iPTâ†’PT_S3,is_DKD,9.586647323055143,0.9488673002231532,False,0.34739205776244975
creat,iPT,PT_S3,iPTâ†’PT_S3,is_HKD,-20.164346941440648,0.8813097489590076,False,0.34739205776244975
udp,PC,C_TAL,PCâ†’C_TAL,eGFR,-143.43213541942205,0.30914251476646465,False,0.6078337087056287
udp,PC,C_TAL,PCâ†’C_TAL,fibrosis,-176.61459717131908,0.06152387919174123,False,0.6078337087056287
udp,PC,C_TAL,PCâ†’C_TAL,age,-118.81211571174363,0.42667595220371146,False,0.6078337087056287
udp,PC,C_TAL,PCâ†’C_TAL,sex_num,3099.3313028949974,0.3548387852662804,False,0.6078337087056287
udp,PC,C_TAL,PCâ†’C_TAL,is_DKD,5550.260046311517,0.3058697392485975,False,0.6078337087056287
udp,PC,C_TAL,PCâ†’C_TAL,is_HKD,-247.90422751393018,0.9579465798027358,False,0.6078337087056287
bhb,PT_S3,VSMC/Pericyte,PT_S3â†’VSMC/Pericyte,eGFR,-6.194052318440821,0.6814298728995176,False,0.5891257715864173
bhb,PT_S3,VSMC/Pericyte,PT_S3â†’VSMC/Pericyte,fibrosis,0.894135917567132,0.9217763179402573,False,0.5891257715864173
bhb,PT_S3,VSMC/Pericyte,PT_S3â†’VSMC/Pericyte,age,31.103323172585853,0.08598192556741026,False,0.5891257715864173
bhb,PT_S3,VSMC/Pericyte,PT_S3â†’VSMC/Pericyte,sex_num,-393.0305444675856,0.2934078676343467,False,0.5891257715864173
bhb,PT_S3,VSMC/Pericyte,PT_S3â†’VSMC/Pericyte,is_DKD,38.56348982340262,0.9466228021298564,False,0.5891257715864173
bhb,PT_S3,VSMC/Pericyte,PT_S3â†’VSMC/Pericyte,is_HKD,510.186714843282,0.3430959024075808,False,0.5891257715864173
5thf,C_TAL,iPT,C_TALâ†’iPT,eGFR,35.79763035063938,0.22140329316835064,False,0.6069747713162743
5thf,C_TAL,iPT,C_TALâ†’iPT,fibrosis,-26.3422596088281,0.14778059639281918,False,0.6069747713162743
5thf,C_TAL,iPT,C_TALâ†’iPT,age,-37.47783965479703,0.23298999657106603,False,0.6069747713162743
5thf,C_TAL,iPT,C_TALâ†’iPT,sex_num,-762.3734435741541,0.27090156366050633,False,0.6069747713162743
5thf,C_TAL,iPT,C_TALâ†’iPT,is_DKD,2348.655232144587,0.05559844426922216,False,0.6069747713162743
5thf,C_TAL,iPT,C_TALâ†’iPT,is_HKD,2730.722887007126,0.021331350069361037,True,0.6069747713162743
gluala,PT_S3,IC,PT_S3â†’IC,eGFR,-67.00300002877876,0.17613683314989384,False,0.5392264921658334
gluala,PT_S3,IC,PT_S3â†’IC,fibrosis,-43.20165358536305,0.15409405316992425,False,0.5392264921658334
gluala,PT_S3,IC,PT_S3â†’IC,age,-53.8590699437231,0.2982434803079793,False,0.5392264921658334
gluala,PT_S3,IC,PT_S3â†’IC,sex_num,875.2861173710403,0.4382601765268066,False,0.5392264921658334
gluala,PT_S3,IC,PT_S3â†’IC,is_DKD,-636.671428214919,0.7207692983494427,False,0.5392264921658334
gluala,PT_S3,IC,PT_S3â†’IC,is_HKD,1075.8809857141466,0.5084869949481987,False,0.5392264921658334
orn,iPT,C_TAL,iPTâ†’C_TAL,eGFR,-4.713226754560665,0.8125493552002128,False,0.32571641192244816
orn,iPT,C_TAL,iPTâ†’C_TAL,fibrosis,1.686088618053521,0.8887206944396248,False,0.32571641192244816
orn,iPT,C_TAL,iPTâ†’C_TAL,age,20.877589888852935,0.34462932275746627,False,0.32571641192244816
orn,iPT,C_TAL,iPTâ†’C_TAL,sex_num,-499.6197215105864,0.3112006530005077,False,0.32571641192244816
orn,iPT,C_TAL,iPTâ†’C_TAL,is_DKD,-133.19342191579034,0.8613766127049237,False,0.32571641192244816
orn,iPT,C_TAL,iPTâ†’C_TAL,is_HKD,283.1965890631952,0.6824455013325292,False,0.32571641192244816
pro_L,Fib,MyoFib,Fibâ†’MyoFib,eGFR,45.68286904703367,0.021446579859989295,True,0.6575616772533
pro_L,Fib,MyoFib,Fibâ†’MyoFib,fibrosis,-4.439020908628091,0.6513275368896552,False,0.6575616772533
pro_L,Fib,MyoFib,Fibâ†’MyoFib,age,-23.823888638286878,0.19619053434890033,False,0.6575616772533
pro_L,Fib,MyoFib,Fibâ†’MyoFib,sex_num,-130.25607181852274,0.7355235185186921,False,0.6575616772533
pro_L,Fib,MyoFib,Fibâ†’MyoFib,is_DKD,1777.0126994988148,0.020343975443749385,True,0.6575616772533
pro_L,Fib,MyoFib,Fibâ†’MyoFib,is_HKD,1747.1439425958545,0.014022075647587649,True,0.6575616772533
dad_2,CD4T,Plasma_Cells,CD4Tâ†’Plasma_Cells,eGFR,2.1687849487826623,0.46605312033352975,False,0.4377155156412925
dad_2,CD4T,Plasma_Cells,CD4Tâ†’Plasma_Cells,fibrosis,-0.7732461716263179,0.6645033312407445,False,0.4377155156412925
dad_2,CD4T,Plasma_Cells,CD4Tâ†’Plasma_Cells,age,-4.2928348120047035,0.1993247366983616,False,0.4377155156412925
dad_2,CD4T,Plasma_Cells,CD4Tâ†’Plasma_Cells,sex_num,74.93683718330696,0.30223758480626434,False,0.4377155156412925
dad_2,CD4T,Plasma_Cells,CD4Tâ†’Plasma_Cells,is_DKD,16.901660054339956,0.8801563142521762,False,0.4377155156412925
dad_2,CD4T,Plasma_Cells,CD4Tâ†’Plasma_Cells,is_HKD,-33.050589985907955,0.7447701020327055,False,0.4377155156412925
gmp,MyoFib,PT_S3,MyoFibâ†’PT_S3,eGFR,31.9444498050987,0.5090507797149724,False,0.3156746535769358
gmp,MyoFib,PT_S3,MyoFibâ†’PT_S3,fibrosis,-25.927257010385954,0.38330294014667077,False,0.3156746535769358
gmp,MyoFib,PT_S3,MyoFibâ†’PT_S3,age,-53.82715155648247,0.31220878946810127,False,0.3156746535769358
gmp,MyoFib,PT_S3,MyoFibâ†’PT_S3,sex_num,100.65035928513106,0.9295417440767776,False,0.3156746535769358
gmp,MyoFib,PT_S3,MyoFibâ†’PT_S3,is_DKD,2760.9286839121187,0.1615011523732258,False,0.3156746535769358
gmp,MyoFib,PT_S3,MyoFibâ†’PT_S3,is_HKD,1727.627170146835,0.3139063985595339,False,0.3156746535769358
ctp,PT_S3,C_TAL,PT_S3â†’C_TAL,eGFR,100.58059644560126,0.3334359463193082,False,0.6538446843100117
ctp,PT_S3,C_TAL,PT_S3â†’C_TAL,fibrosis,-6.729828398286159,0.9120675637976635,False,0.6538446843100117
ctp,PT_S3,C_TAL,PT_S3â†’C_TAL,age,-65.46823714704593,0.5498380260086354,False,0.6538446843100117
ctp,PT_S3,C_TAL,PT_S3â†’C_TAL,sex_num,2964.9047578496034,0.2412006429639342,False,0.6538446843100117
ctp,PT_S3,C_TAL,PT_S3â†’C_TAL,is_DKD,1055.9799116883191,0.7846894860035846,False,0.6538446843100117
ctp,PT_S3,C_TAL,PT_S3â†’C_TAL,is_HKD,6709.826920486585,0.08583686698004525,False,0.6538446843100117
cmp,MyoFib,Fib,MyoFibâ†’Fib,eGFR,-24.409355991199746,0.5377090497900765,False,0.4909223935878696
cmp,MyoFib,Fib,MyoFibâ†’Fib,fibrosis,-18.17226263722445,0.45300124204721903,False,0.4909223935878696
cmp,MyoFib,Fib,MyoFibâ†’Fib,age,-48.96240732624125,0.26650724276373566,False,0.4909223935878696
cmp,MyoFib,Fib,MyoFibâ†’Fib,sex_num,1072.5052508647668,0.27272049752169336,False,0.4909223935878696
cmp,MyoFib,Fib,MyoFibâ†’Fib,is_DKD,-1482.1151345070166,0.33986587945369795,False,0.4909223935878696
cmp,MyoFib,Fib,MyoFibâ†’Fib,is_HKD,141.78177965883185,0.9166309833708728,False,0.4909223935878696
cdp,C_TAL,iPT,C_TALâ†’iPT,eGFR,-121.98202838472277,0.5139892387564376,False,0.6427871101823187
cdp,C_TAL,iPT,C_TALâ†’iPT,fibrosis,-26.111532832225805,0.8154615163047467,False,0.6427871101823187
cdp,C_TAL,iPT,C_TALâ†’iPT,age,36.95570024666699,0.8520995901354562,False,0.6427871101823187
cdp,C_TAL,iPT,C_TALâ†’iPT,sex_num,-1992.4134701134226,0.6530396539848395,False,0.6427871101823187
cdp,C_TAL,iPT,C_TALâ†’iPT,is_DKD,-6122.603610156233,0.3989723405004461,False,0.6427871101823187
cdp,C_TAL,iPT,C_TALâ†’iPT,is_HKD,8097.279753142567,0.22974631106052854,False,0.6427871101823187
cytd,Fib,Plasma_Cells,Fibâ†’Plasma_Cells,eGFR,94.7886156006807,0.12074269534210809,False,0.5774194281985183
cytd,Fib,Plasma_Cells,Fibâ†’Plasma_Cells,fibrosis,-1.2466836752945967,0.9705511078953274,False,0.5774194281985183
cytd,Fib,Plasma_Cells,Fibâ†’Plasma_Cells,age,-98.02713500043022,0.13357963533913358,False,0.5774194281985183
cytd,Fib,Plasma_Cells,Fibâ†’Plasma_Cells,sex_num,1712.3150298508435,0.22400149587458207,False,0.5774194281985183
cytd,Fib,Plasma_Cells,Fibâ†’Plasma_Cells,is_DKD,603.6630315906267,0.7781824920250012,False,0.5774194281985183
cytd,Fib,Plasma_Cells,Fibâ†’Plasma_Cells,is_HKD,513.5757648857559,0.7905906600194428,False,0.5774194281985183
dgsn,Fib,Plasma_Cells,Fibâ†’Plasma_Cells,eGFR,0.5334213899128053,0.5987611431633877,False,0.32871853283089714
dgsn,Fib,Plasma_Cells,Fibâ†’Plasma_Cells,fibrosis,-0.4794529798964315,0.44150836417925143,False,0.32871853283089714
dgsn,Fib,Plasma_Cells,Fibâ†’Plasma_Cells,age,-1.1466612990905751,0.307562988321384,False,0.32871853283089714
dgsn,Fib,Plasma_Cells,Fibâ†’Plasma_Cells,sex_num,12.86533143915756,0.5957380190073134,False,0.32871853283089714
dgsn,Fib,Plasma_Cells,Fibâ†’Plasma_Cells,is_DKD,48.17280714454074,0.2362630014255722,False,0.32871853283089714
dgsn,Fib,Plasma_Cells,Fibâ†’Plasma_Cells,is_HKD,21.026276129623774,0.5509924308407621,False,0.32871853283089714
ump,Endo_G,Fib,Endo_Gâ†’Fib,eGFR,-72.70253945152768,0.4967153859031188,False,0.32315663526374017
ump,Endo_G,Fib,Endo_Gâ†’Fib,fibrosis,-58.86991657527306,0.3709126963777655,False,0.32315663526374017
ump,Endo_G,Fib,Endo_Gâ†’Fib,age,-67.50346866432973,0.555967464800477,False,0.32315663526374017
ump,Endo_G,Fib,Endo_Gâ†’Fib,sex_num,-142.61126806751258,0.9547623926206241,False,0.32315663526374017
ump,Endo_G,Fib,Endo_Gâ†’Fib,is_DKD,543.4967399780154,0.8929898574552321,False,0.32315663526374017
ump,Endo_G,Fib,Endo_Gâ†’Fib,is_HKD,3144.4082298964036,0.4010482939036804,False,0.32315663526374017
ttdca,Mono,CD4T,Monoâ†’CD4T,eGFR,0.7917587920948638,0.1345605069153486,False,0.6510947730535981
ttdca,Mono,CD4T,Monoâ†’CD4T,fibrosis,0.046381232541520864,0.8749583121784494,False,0.6510947730535981
ttdca,Mono,CD4T,Monoâ†’CD4T,age,-0.264541561200754,0.6157522863129234,False,0.6510947730535981
ttdca,Mono,CD4T,Monoâ†’CD4T,sex_num,-11.628637257861046,0.3334329884964507,False,0.6510947730535981
ttdca,Mono,CD4T,Monoâ†’CD4T,is_DKD,18.063920856636962,0.34851010859925974,False,0.6510947730535981
ttdca,Mono,CD4T,Monoâ†’CD4T,is_HKD,45.41089903003909,0.026615644699607588,True,0.6510947730535981
6dhf,CNT,PT_S3,CNTâ†’PT_S3,eGFR,73.75803400376076,0.4883733306315481,False,0.430050719105324
6dhf,CNT,PT_S3,CNTâ†’PT_S3,fibrosis,5.05085232063157,0.936574300108246,False,0.430050719105324
6dhf,CNT,PT_S3,CNTâ†’PT_S3,age,50.31551297932873,0.6571276705073202,False,0.430050719105324
6dhf,CNT,PT_S3,CNTâ†’PT_S3,sex_num,1129.8730035989818,0.6537493680192308,False,0.430050719105324
6dhf,CNT,PT_S3,CNTâ†’PT_S3,is_DKD,2814.8188695670488,0.4911219323444783,False,0.430050719105324
6dhf,CNT,PT_S3,CNTâ†’PT_S3,is_HKD,5124.685251201394,0.1863311597567852,False,0.430050719105324
ahdt,Plasma_Cells,CD4T,Plasma_Cellsâ†’CD4T,eGFR,24.572357325474073,0.6000395113697327,False,0.5397893249785282
ahdt,Plasma_Cells,CD4T,Plasma_Cellsâ†’CD4T,fibrosis,-55.45306974826468,0.0806111762686267,False,0.5397893249785282
ahdt,Plasma_Cells,CD4T,Plasma_Cellsâ†’CD4T,age,-96.30091792515772,0.08574870060895842,False,0.5397893249785282
ahdt,Plasma_Cells,CD4T,Plasma_Cellsâ†’CD4T,sex_num,143.62209986239287,0.8970356415257372,False,0.5397893249785282
ahdt,Plasma_Cells,CD4T,Plasma_Cellsâ†’CD4T,is_DKD,3635.0394568993925,0.07231960020885006,False,0.5397893249785282
ahdt,Plasma_Cells,CD4T,Plasma_Cellsâ†’CD4T,is_HKD,2651.447952786696,0.13133139780084424,False,0.5397893249785282
dhnpt,CD4T,Plasma_Cells,CD4Tâ†’Plasma_Cells,eGFR,24.572357325474073,0.6000395113697327,False,0.5397893249785282
dhnpt,CD4T,Plasma_Cells,CD4Tâ†’Plasma_Cells,fibrosis,-55.45306974826468,0.0806111762686267,False,0.5397893249785282
dhnpt,CD4T,Plasma_Cells,CD4Tâ†’Plasma_Cells,age,-96.30091792515772,0.08574870060895842,False,0.5397893249785282
dhnpt,CD4T,Plasma_Cells,CD4Tâ†’Plasma_Cells,sex_num,143.62209986239287,0.8970356415257372,False,0.5397893249785282
dhnpt,CD4T,Plasma_Cells,CD4Tâ†’Plasma_Cells,is_DKD,3635.0394568993925,0.07231960020885006,False,0.5397893249785282
dhnpt,CD4T,Plasma_Cells,CD4Tâ†’Plasma_Cells,is_HKD,2651.447952786696,0.13133139780084424,False,0.5397893249785282
chsterol,PT_S1,Endo_G,PT_S1â†’Endo_G,eGFR,0.21344296417379618,0.0009904311102249483,True,0.8594330975533407
chsterol,PT_S1,Endo_G,PT_S1â†’Endo_G,fibrosis,-0.006678270299022681,0.7881902482928199,False,0.8594330975533407
chsterol,PT_S1,Endo_G,PT_S1â†’Endo_G,age,-0.15153552530414913,0.009064450873093745,True,0.8594330975533407
chsterol,PT_S1,Endo_G,PT_S1â†’Endo_G,sex_num,1.0600954815033223,0.29771510850761057,False,0.8594330975533407
chsterol,PT_S1,Endo_G,PT_S1â†’Endo_G,is_DKD,6.033404425173452,0.005283305901094485,True,0.8594330975533407
chsterol,PT_S1,Endo_G,PT_S1â†’Endo_G,is_HKD,6.071662216884441,0.002996175574551924,True,0.8594330975533407
fe2,PC,C_TAL,PCâ†’C_TAL,eGFR,-51.97422244733279,0.8236389930201221,False,0.4805777232988141
fe2,PC,C_TAL,PCâ†’C_TAL,fibrosis,-195.5809025501705,0.19466321775319637,False,0.4805777232988141
fe2,PC,C_TAL,PCâ†’C_TAL,age,24.53607340385237,0.9220201377624393,False,0.4805777232988141
fe2,PC,C_TAL,PCâ†’C_TAL,sex_num,-1116.940518213435,0.8412205403326798,False,0.4805777232988141
fe2,PC,C_TAL,PCâ†’C_TAL,is_DKD,13433.877289575841,0.1634642270691672,False,0.4805777232988141
fe2,PC,C_TAL,PCâ†’C_TAL,is_HKD,4216.0068033309135,0.6051586673387992,False,0.4805777232988141
fe3,C_TAL,PC,C_TALâ†’PC,eGFR,-51.97422244733279,0.8236389930201221,False,0.4805777232988141
fe3,C_TAL,PC,C_TALâ†’PC,fibrosis,-195.5809025501705,0.19466321775319637,False,0.4805777232988141
fe3,C_TAL,PC,C_TALâ†’PC,age,24.536073403852363,0.9220201377624393,False,0.4805777232988141
fe3,C_TAL,PC,C_TALâ†’PC,sex_num,-1116.940518213435,0.8412205403326798,False,0.4805777232988141
fe3,C_TAL,PC,C_TALâ†’PC,is_DKD,13433.877289575841,0.1634642270691672,False,0.4805777232988141
fe3,C_TAL,PC,C_TALâ†’PC,is_HKD,4216.0068033309135,0.6051586673387992,False,0.4805777232988141
dhdascb,PC,C_TAL,PCâ†’C_TAL,eGFR,346.58132990583806,0.2020715833366938,False,0.3957090377936976
dhdascb,PC,C_TAL,PCâ†’C_TAL,fibrosis,-55.84453529696681,0.7197783252771761,False,0.3957090377936976
dhdascb,PC,C_TAL,PCâ†’C_TAL,age,-82.71765859286256,0.7640602824936971,False,0.3957090377936976
dhdascb,PC,C_TAL,PCâ†’C_TAL,sex_num,-2969.7917618975616,0.6295196952151224,False,0.3957090377936976
dhdascb,PC,C_TAL,PCâ†’C_TAL,is_DKD,16829.789954380205,0.11840735217348468,False,0.3957090377936976
dhdascb,PC,C_TAL,PCâ†’C_TAL,is_HKD,16638.8759278085,0.09236046112388034,False,0.3957090377936976
ascb_L,C_TAL,PC,C_TALâ†’PC,eGFR,346.58132990583783,0.20207158333669412,False,0.39570903779369715
ascb_L,C_TAL,PC,C_TALâ†’PC,fibrosis,-55.844535296966754,0.7197783252771766,False,0.39570903779369715
ascb_L,C_TAL,PC,C_TALâ†’PC,age,-82.71765859286239,0.7640602824936977,False,0.39570903779369715
ascb_L,C_TAL,PC,C_TALâ†’PC,sex_num,-2969.791761897559,0.629519695215123,False,0.39570903779369715
ascb_L,C_TAL,PC,C_TALâ†’PC,is_DKD,16829.789954380194,0.11840735217348493,False,0.39570903779369715
ascb_L,C_TAL,PC,C_TALâ†’PC,is_HKD,16638.87592780849,0.09236046112388056,False,0.39570903779369715
thf,C_TAL,MyoFib,C_TALâ†’MyoFib,eGFR,-37.2900138700474,0.2383570031970878,False,0.4497800787420282
thf,C_TAL,MyoFib,C_TALâ†’MyoFib,fibrosis,-18.537694081647707,0.32627858689191297,False,0.4497800787420282
thf,C_TAL,MyoFib,C_TALâ†’MyoFib,age,-21.31831350520948,0.5156253289143151,False,0.4497800787420282
thf,C_TAL,MyoFib,C_TALâ†’MyoFib,sex_num,606.0183192681147,0.4101333302737543,False,0.4497800787420282
thf,C_TAL,MyoFib,C_TALâ†’MyoFib,is_DKD,-1006.0046245927866,0.39541995323574836,False,0.4497800787420282
thf,C_TAL,MyoFib,C_TALâ†’MyoFib,is_HKD,136.22008455868456,0.8958205984314205,False,0.4497800787420282
dopa,MyoFib,Plasma_Cells,MyoFibâ†’Plasma_Cells,eGFR,347.2567707005822,0.10368609151073181,False,0.578355527617118
dopa,MyoFib,Plasma_Cells,MyoFibâ†’Plasma_Cells,fibrosis,-123.40204419193974,0.309953586538246,False,0.578355527617118
dopa,MyoFib,Plasma_Cells,MyoFibâ†’Plasma_Cells,age,-417.2271353970285,0.07528074691793835,False,0.578355527617118
dopa,MyoFib,Plasma_Cells,MyoFibâ†’Plasma_Cells,sex_num,3335.8700777140157,0.4770821599516233,False,0.578355527617118
dopa,MyoFib,Plasma_Cells,MyoFibâ†’Plasma_Cells,is_DKD,14266.888756190336,0.08562721641486876,False,0.578355527617118
dopa,MyoFib,Plasma_Cells,MyoFibâ†’Plasma_Cells,is_HKD,8500.022410010957,0.22841432546416804,False,0.578355527617118
4hpro_LT,Endo_G,Fib,Endo_Gâ†’Fib,eGFR,-0.21666096899206339,0.7239989526079603,False,0.31837532019739545
4hpro_LT,Endo_G,Fib,Endo_Gâ†’Fib,fibrosis,-0.4231473389969187,0.2755446796874509,False,0.31837532019739545
4hpro_LT,Endo_G,Fib,Endo_Gâ†’Fib,age,-0.24552594939740538,0.7102193155432301,False,0.31837532019739545
4hpro_LT,Endo_G,Fib,Endo_Gâ†’Fib,sex_num,-16.04875742783773,0.2923016450911856,False,0.31837532019739545
4hpro_LT,Endo_G,Fib,Endo_Gâ†’Fib,is_DKD,15.931139047482816,0.5043266741120231,False,0.31837532019739545
4hpro_LT,Endo_G,Fib,Endo_Gâ†’Fib,is_HKD,1.9184547904805707,0.9278430143282246,False,0.31837532019739545
10fthf6glu,Fib,MyoFib,Fibâ†’MyoFib,eGFR,-14.651839362785863,0.9588584842911848,False,0.38095791635657406
10fthf6glu,Fib,MyoFib,Fibâ†’MyoFib,fibrosis,-34.643289481749534,0.840999554217253,False,0.38095791635657406
10fthf6glu,Fib,MyoFib,Fibâ†’MyoFib,age,-286.17797408084584,0.36433908687940036,False,0.38095791635657406
10fthf6glu,Fib,MyoFib,Fibâ†’MyoFib,sex_num,6369.458354255545,0.3635499673287592,False,0.38095791635657406
10fthf6glu,Fib,MyoFib,Fibâ†’MyoFib,is_DKD,-11228.000959888803,0.32160004264697767,False,0.38095791635657406
10fthf6glu,Fib,MyoFib,Fibâ†’MyoFib,is_HKD,-8192.318332877516,0.41727385239322956,False,0.38095791635657406
6thf,Fib,PT_S1,Fibâ†’PT_S1,eGFR,-40.980841467536244,0.13625927602100707,False,0.6530064167474361
6thf,Fib,PT_S1,Fibâ†’PT_S1,fibrosis,-12.683376221445812,0.4193339019491017,False,0.6530064167474361
6thf,Fib,PT_S1,Fibâ†’PT_S1,age,-17.911866035897702,0.5163539775734279,False,0.6530064167474361
6thf,Fib,PT_S1,Fibâ†’PT_S1,sex_num,-60.00182514229266,0.9208283756738214,False,0.6530064167474361
6thf,Fib,PT_S1,Fibâ†’PT_S1,is_DKD,-1489.9591610235877,0.15521949092247064,False,0.6530064167474361
6thf,Fib,PT_S1,Fibâ†’PT_S1,is_HKD,395.8225190088536,0.6535146736678048,False,0.6530064167474361
5mthf,MyoFib,Fib,MyoFibâ†’Fib,eGFR,0.11298662708773054,0.2707359332035336,False,0.6095171372005246
5mthf,MyoFib,Fib,MyoFibâ†’Fib,fibrosis,-0.035296998010777694,0.5578446967922818,False,0.6095171372005246
5mthf,MyoFib,Fib,MyoFibâ†’Fib,age,-0.1655479059891302,0.14764226672045866,False,0.6095171372005246
5mthf,MyoFib,Fib,MyoFibâ†’Fib,sex_num,2.4367866710376447,0.3166636415263799,False,0.6095171372005246
5mthf,MyoFib,Fib,MyoFibâ†’Fib,is_DKD,4.051697127555419,0.301175768832569,False,0.6095171372005246
5mthf,MyoFib,Fib,MyoFibâ†’Fib,is_HKD,7.959281314919058,0.045499030764048445,True,0.6095171372005246
s2l2n2m2masn,MyoFib,Plasma_Cells,MyoFibâ†’Plasma_Cells,eGFR,7.361318265942827e-05,0.010992011728946325,True,0.7068089182499054
s2l2n2m2masn,MyoFib,Plasma_Cells,MyoFibâ†’Plasma_Cells,fibrosis,7.684070461171797e-06,0.5739562382367202,False,0.7068089182499054
s2l2n2m2masn,MyoFib,Plasma_Cells,MyoFibâ†’Plasma_Cells,age,-3.56677457530565e-05,0.16656601287432915,False,0.7068089182499054
s2l2n2m2masn,MyoFib,Plasma_Cells,MyoFibâ†’Plasma_Cells,sex_num,0.00024992711316555196,0.6412339571426131,False,0.7068089182499054
s2l2n2m2masn,MyoFib,Plasma_Cells,MyoFibâ†’Plasma_Cells,is_DKD,0.0018050069984427012,0.06476333742161142,False,0.7068089182499054
s2l2n2m2masn,MyoFib,Plasma_Cells,MyoFibâ†’Plasma_Cells,is_HKD,0.0023024891201273608,0.017489885129622254,True,0.7068089182499054
nrpphr,PC,iPT,PCâ†’iPT,eGFR,7.3989751556192225,0.5171168956599513,False,0.5512451556117017
nrpphr,PC,iPT,PCâ†’iPT,fibrosis,-7.805194425796306,0.274634606581373,False,0.5512451556117017
nrpphr,PC,iPT,PCâ†’iPT,age,-9.231858581591492,0.45511712796224413,False,0.5512451556117017
nrpphr,PC,iPT,PCâ†’iPT,sex_num,-541.243761263216,0.07538940735763712,False,0.5512451556117017
nrpphr,PC,iPT,PCâ†’iPT,is_DKD,811.7216783345112,0.0924467305567024,False,0.5512451556117017
nrpphr,PC,iPT,PCâ†’iPT,is_HKD,375.47109241047036,0.35149169415450426,False,0.5512451556117017
malt,PT_S1,CNT,PT_S1â†’CNT,eGFR,-26.4279675512216,0.4666319577857697,False,0.47164478284920774
malt,PT_S1,CNT,PT_S1â†’CNT,fibrosis,-35.321229231833975,0.133999582933413,False,0.47164478284920774
malt,PT_S1,CNT,PT_S1â†’CNT,age,-61.00338907215867,0.14280223808094977,False,0.47164478284920774
malt,PT_S1,CNT,PT_S1â†’CNT,sex_num,961.2093500499941,0.28006914506325115,False,0.47164478284920774
malt,PT_S1,CNT,PT_S1â†’CNT,is_DKD,244.51355297723393,0.8581792509653928,False,0.47164478284920774
malt,PT_S1,CNT,PT_S1â†’CNT,is_HKD,534.898931040389,0.6668432011521614,False,0.47164478284920774
tag_hs,CD4T,Mes,CD4Tâ†’Mes,eGFR,-1.1675361781876241,0.23701422426387186,False,0.32201448810941236
tag_hs,CD4T,Mes,CD4Tâ†’Mes,fibrosis,-0.36635051142056363,0.5253497434099907,False,0.32201448810941236
tag_hs,CD4T,Mes,CD4Tâ†’Mes,age,0.5506238547708854,0.5887229924725518,False,0.32201448810941236
tag_hs,CD4T,Mes,CD4Tâ†’Mes,sex_num,-7.647521926936349,0.7336534778554099,False,0.32201448810941236
tag_hs,CD4T,Mes,CD4Tâ†’Mes,is_DKD,-39.757789788480856,0.28934628247758076,False,0.32201448810941236
tag_hs,CD4T,Mes,CD4Tâ†’Mes,is_HKD,-19.108871593983537,0.5609691870217521,False,0.32201448810941236
lpchol_hs,PT_S1,PT_S3,PT_S1â†’PT_S3,eGFR,1.4168550941325058,0.7888889744687517,False,0.6197184139857796
lpchol_hs,PT_S1,PT_S3,PT_S1â†’PT_S3,fibrosis,4.666126259134694,0.17500579606319855,False,0.6197184139857796
lpchol_hs,PT_S1,PT_S3,PT_S1â†’PT_S3,age,-6.0301244353603565,0.30772100338027286,False,0.6197184139857796
lpchol_hs,PT_S1,PT_S3,PT_S1â†’PT_S3,sex_num,52.15162565377268,0.6813882250065781,False,0.6197184139857796
lpchol_hs,PT_S1,PT_S3,PT_S1â†’PT_S3,is_DKD,-37.794487010457075,0.8522955905787171,False,0.6197184139857796
lpchol_hs,PT_S1,PT_S3,PT_S1â†’PT_S3,is_HKD,-85.06381623681375,0.6447606541585577,False,0.6197184139857796
o2s,CNT,IC,CNTâ†’IC,eGFR,-7.408760520337321,0.6332081843462238,False,0.3120030357021898
o2s,CNT,IC,CNTâ†’IC,fibrosis,-3.5939666203062375,0.702103803371878,False,0.3120030357021898
o2s,CNT,IC,CNTâ†’IC,age,-9.006154161784451,0.5908124219729853,False,0.3120030357021898
o2s,CNT,IC,CNTâ†’IC,sex_num,271.37530114403785,0.46986314631494264,False,0.3120030357021898
o2s,CNT,IC,CNTâ†’IC,is_DKD,-654.8146052492638,0.28881697122455136,False,0.3120030357021898
o2s,CNT,IC,CNTâ†’IC,is_HKD,-314.06085195395895,0.5613199558627844,False,0.3120030357021898
fol,PT_S2,Podo,PT_S2â†’Podo,eGFR,-11.788214034638184,0.13876472866633682,False,0.5503253764556381
fol,PT_S2,Podo,PT_S2â†’Podo,fibrosis,-4.266954916239418,0.3524718843523726,False,0.5503253764556381
fol,PT_S2,Podo,PT_S2â†’Podo,age,-0.07787080896191512,0.9921071349601669,False,0.5503253764556381
fol,PT_S2,Podo,PT_S2â†’Podo,sex_num,1.6827395589944274,0.99232336415623,False,0.5503253764556381
fol,PT_S2,Podo,PT_S2â†’Podo,is_DKD,-221.75801737637738,0.4402995825009788,False,0.5503253764556381
fol,PT_S2,Podo,PT_S2â†’Podo,is_HKD,160.3099193489535,0.5333794349329133,False,0.5503253764556381
glnasngln,VSMC/Pericyte,IC,VSMC/Pericyteâ†’IC,eGFR,-0.043368445659895095,0.2951706104219814,False,0.8724336836916103
glnasngln,VSMC/Pericyte,IC,VSMC/Pericyteâ†’IC,fibrosis,0.04639686687752996,0.08643229319821058,False,0.8724336836916103
glnasngln,VSMC/Pericyte,IC,VSMC/Pericyteâ†’IC,age,-0.09401220184547843,0.05677327175955274,False,0.8724336836916103
glnasngln,VSMC/Pericyte,IC,VSMC/Pericyteâ†’IC,sex_num,-0.10764301650850905,0.9098303641217904,False,0.8724336836916103
glnasngln,VSMC/Pericyte,IC,VSMC/Pericyteâ†’IC,is_DKD,-2.1059355764466385,0.19575641446325812,False,0.8724336836916103
glnasngln,VSMC/Pericyte,IC,VSMC/Pericyteâ†’IC,is_HKD,0.06629228728011427,0.9616218267786018,False,0.8724336836916103
aspmetasp,PT_S3,Endo_Peritubular,PT_S3â†’Endo_Peritubular,eGFR,0.018139663937907582,0.5642552471452025,False,0.21666900084368423
aspmetasp,PT_S3,Endo_Peritubular,PT_S3â†’Endo_Peritubular,fibrosis,0.0013426474390731452,0.943264254810829,False,0.21666900084368423
aspmetasp,PT_S3,Endo_Peritubular,PT_S3â†’Endo_Peritubular,age,0.01593338584900933,0.6366306778860567,False,0.21666900084368423
aspmetasp,PT_S3,Endo_Peritubular,PT_S3â†’Endo_Peritubular,sex_num,-0.4750180300115511,0.5288782052874332,False,0.21666900084368423
aspmetasp,PT_S3,Endo_Peritubular,PT_S3â†’Endo_Peritubular,is_DKD,0.23652581884517362,0.8431305556326671,False,0.21666900084368423
aspmetasp,PT_S3,Endo_Peritubular,PT_S3â†’Endo_Peritubular,is_HKD,-0.34856200849641994,0.7472743857636888,False,0.21666900084368423
tyrglu,PC,GS_Stromal,PCâ†’GS_Stromal,eGFR,-0.009799919087118773,0.6233931569332114,False,0.34775608231106625
tyrglu,PC,GS_Stromal,PCâ†’GS_Stromal,fibrosis,0.001045159776142142,0.930649484281263,False,0.34775608231106625
tyrglu,PC,GS_Stromal,PCâ†’GS_Stromal,age,0.006725641325114538,0.7529366403232268,False,0.34775608231106625
tyrglu,PC,GS_Stromal,PCâ†’GS_Stromal,sex_num,0.3034755213386834,0.5273954333604343,False,0.34775608231106625
tyrglu,PC,GS_Stromal,PCâ†’GS_Stromal,is_DKD,-1.058866893154069,0.1918551648209946,False,0.34775608231106625
tyrglu,PC,GS_Stromal,PCâ†’GS_Stromal,is_HKD,-1.0268839543808894,0.16469852213120587,False,0.34775608231106625
ncam,iPT,PT_S3,iPTâ†’PT_S3,eGFR,-0.5263167284947444,0.6233931569332114,False,0.34775608231106625
ncam,iPT,PT_S3,iPTâ†’PT_S3,fibrosis,0.05613159345942717,0.930649484281263,False,0.34775608231106625
ncam,iPT,PT_S3,iPTâ†’PT_S3,age,0.36120885364412386,0.7529366403232269,False,0.34775608231106625
ncam,iPT,PT_S3,iPTâ†’PT_S3,sex_num,16.298526768364635,0.5273954333604343,False,0.34775608231106625
ncam,iPT,PT_S3,iPTâ†’PT_S3,is_DKD,-56.86775106630932,0.19185516482099446,False,0.34775608231106625
ncam,iPT,PT_S3,iPTâ†’PT_S3,is_HKD,-55.1500679351421,0.16469852213120578,False,0.34775608231106625
acald,C_TAL,PEC,C_TALâ†’PEC,eGFR,0.005367424315796199,0.7494429478019649,False,0.6363121503983543
acald,C_TAL,PEC,C_TALâ†’PEC,fibrosis,0.015322487841857321,0.16222360002361758,False,0.6363121503983543
acald,C_TAL,PEC,C_TALâ†’PEC,age,-0.018866745101174757,0.31391854239357897,False,0.6363121503983543
acald,C_TAL,PEC,C_TALâ†’PEC,sex_num,0.09641299162019316,0.8101185882616802,False,0.6363121503983543
acald,C_TAL,PEC,C_TALâ†’PEC,is_DKD,0.015660740422947655,0.9805722950181821,False,0.6363121503983543
acald,C_TAL,PEC,C_TALâ†’PEC,is_HKD,-0.11483877658416676,0.8434316092811104,False,0.6363121503983543
h2s,MyoFib,C_TAL,MyoFibâ†’C_TAL,eGFR,0.04735508457651455,0.8336836963449534,False,0.6165352347354902
h2s,MyoFib,C_TAL,MyoFibâ†’C_TAL,fibrosis,0.18575220640556678,0.2019134210222523,False,0.6165352347354902
h2s,MyoFib,C_TAL,MyoFibâ†’C_TAL,age,-0.2483360181743386,0.323575443030723,False,0.6165352347354902
h2s,MyoFib,C_TAL,MyoFibâ†’C_TAL,sex_num,1.53738313556624,0.7759225652339021,False,0.6165352347354902
h2s,MyoFib,C_TAL,MyoFibâ†’C_TAL,is_DKD,0.5061909136946535,0.9533346210962559,False,0.6165352347354902
h2s,MyoFib,C_TAL,MyoFibâ†’C_TAL,is_HKD,-1.7257334457677438,0.8253945839831058,False,0.6165352347354902
alaarggly,C_TAL,Plasma_Cells,C_TALâ†’Plasma_Cells,eGFR,0.02739214147806032,0.7494429478019649,False,0.6363121503983545
alaarggly,C_TAL,Plasma_Cells,C_TALâ†’Plasma_Cells,fibrosis,0.07819686502607993,0.16222360002361746,False,0.6363121503983545
alaarggly,C_TAL,Plasma_Cells,C_TALâ†’Plasma_Cells,age,-0.09628464616090608,0.3139185423935786,False,0.6363121503983545
alaarggly,C_TAL,Plasma_Cells,C_TALâ†’Plasma_Cells,sex_num,0.492034568426256,0.8101185882616802,False,0.6363121503983545
alaarggly,C_TAL,Plasma_Cells,C_TALâ†’Plasma_Cells,is_DKD,0.07992310502713175,0.9805722950181821,False,0.6363121503983545
alaarggly,C_TAL,Plasma_Cells,C_TALâ†’Plasma_Cells,is_HKD,-0.5860688163041622,0.8434316092811104,False,0.6363121503983545
3mhis,Plasma_Cells,C_TAL,Plasma_Cellsâ†’C_TAL,eGFR,0.0004405417121698103,0.749442947801965,False,0.636312150398354
3mhis,Plasma_Cells,C_TAL,Plasma_Cellsâ†’C_TAL,fibrosis,0.0012576227686503685,0.16222360002361758,False,0.636312150398354
3mhis,Plasma_Cells,C_TAL,Plasma_Cellsâ†’C_TAL,age,-0.001548524525158577,0.31391854239357897,False,0.636312150398354
3mhis,Plasma_Cells,C_TAL,Plasma_Cellsâ†’C_TAL,sex_num,0.007913282406008722,0.8101185882616802,False,0.636312150398354
3mhis,Plasma_Cells,C_TAL,Plasma_Cellsâ†’C_TAL,is_DKD,0.0012853855022171648,0.9805722950181821,False,0.636312150398354
3mhis,Plasma_Cells,C_TAL,Plasma_Cellsâ†’C_TAL,is_HKD,-0.009425614276662693,0.8434316092811104,False,0.636312150398354
fmn,Mac,Plasma_Cells,Macâ†’Plasma_Cells,eGFR,0.12912141468139762,0.7494429478019649,False,0.6363121503983542
fmn,Mac,Plasma_Cells,Macâ†’Plasma_Cells,fibrosis,0.3686053477748291,0.16222360002361758,False,0.6363121503983542
fmn,Mac,Plasma_Cells,Macâ†’Plasma_Cells,age,-0.4538677537990852,0.31391854239357897,False,0.6363121503983542
fmn,Mac,Plasma_Cells,Macâ†’Plasma_Cells,sex_num,2.319358623283802,0.8101185882616802,False,0.6363121503983542
fmn,Mac,Plasma_Cells,Macâ†’Plasma_Cells,is_DKD,0.3767425192038667,0.9805722950181821,False,0.6363121503983542
fmn,Mac,Plasma_Cells,Macâ†’Plasma_Cells,is_HKD,-2.762618421873169,0.8434316092811104,False,0.6363121503983542
val_L,Mono,GS_Stromal,Monoâ†’GS_Stromal,eGFR,0.11439172797341825,0.5998441631619054,False,0.328482262807853
val_L,Mono,GS_Stromal,Monoâ†’GS_Stromal,fibrosis,-0.10314014740682372,0.44146573723889315,False,0.328482262807853
val_L,Mono,GS_Stromal,Monoâ†’GS_Stromal,age,-0.24642972213380837,0.3079560945564014,False,0.328482262807853
val_L,Mono,GS_Stromal,Monoâ†’GS_Stromal,sex_num,2.7654592157569082,0.5959809024847048,False,0.328482262807853
val_L,Mono,GS_Stromal,Monoâ†’GS_Stromal,is_DKD,10.352046478120242,0.23666669529155362,False,0.328482262807853
val_L,Mono,GS_Stromal,Monoâ†’GS_Stromal,is_HKD,4.512022806059266,0.5519117761486867,False,0.328482262807853
3mob,Mono,Mac,Monoâ†’Mac,eGFR,1.780373113915779,0.5998441631619054,False,0.328482262807853
3mob,Mono,Mac,Monoâ†’Mac,fibrosis,-1.6052554556312821,0.44146573723889315,False,0.328482262807853
3mob,Mono,Mac,Monoâ†’Mac,age,-3.835389669598487,0.3079560945564014,False,0.328482262807853
3mob,Mono,Mac,Monoâ†’Mac,sex_num,43.04113000643127,0.5959809024847048,False,0.328482262807853
3mob,Mono,Mac,Monoâ†’Mac,is_DKD,161.11746496158005,0.23666669529155362,False,0.328482262807853
3mob,Mono,Mac,Monoâ†’Mac,is_HKD,70.22434432627361,0.5519117761486869,False,0.328482262807853
duri,VSMC/Pericyte,Dedifferentiated_Tubule,VSMC/Pericyteâ†’Dedifferentiated_Tubule,eGFR,0.000995365644779309,0.5998441631619054,False,0.3284822628078531
duri,VSMC/Pericyte,Dedifferentiated_Tubule,VSMC/Pericyteâ†’Dedifferentiated_Tubule,fibrosis,-0.0008974613911775347,0.44146573723889315,False,0.3284822628078531
duri,VSMC/Pericyte,Dedifferentiated_Tubule,VSMC/Pericyteâ†’Dedifferentiated_Tubule,age,-0.002144278118794593,0.30795609455640166,False,0.3284822628078531
duri,VSMC/Pericyte,Dedifferentiated_Tubule,VSMC/Pericyteâ†’Dedifferentiated_Tubule,sex_num,0.024063305486935225,0.5959809024847048,False,0.3284822628078531
duri,VSMC/Pericyte,Dedifferentiated_Tubule,VSMC/Pericyteâ†’Dedifferentiated_Tubule,is_DKD,0.0900770676344179,0.23666669529155335,False,0.3284822628078531
duri,VSMC/Pericyte,Dedifferentiated_Tubule,VSMC/Pericyteâ†’Dedifferentiated_Tubule,is_HKD,0.039260815175864376,0.5519117761486867,False,0.3284822628078531
34hpp,Mono,Fib,Monoâ†’Fib,eGFR,0.01144600506183946,0.5998441631619054,False,0.32848226280785253
34hpp,Mono,Fib,Monoâ†’Fib,fibrosis,-0.010320174983034617,0.44146573723889326,False,0.32848226280785253
34hpp,Mono,Fib,Monoâ†’Fib,age,-0.024657690699337168,0.30795609455640166,False,0.32848226280785253
34hpp,Mono,Fib,Monoâ†’Fib,sex_num,0.27671109391073817,0.5959809024847049,False,0.32848226280785253
34hpp,Mono,Fib,Monoâ†’Fib,is_DKD,1.0358229435654267,0.23666669529155362,False,0.32848226280785253
34hpp,Mono,Fib,Monoâ†’Fib,is_HKD,0.45147176978819975,0.5519117761486869,False,0.32848226280785253
ocdca,Mono,Mac,Monoâ†’Mac,eGFR,0.07405968041160176,0.6032713948859878,False,0.2783662958564248
ocdca,Mono,Mac,Monoâ†’Mac,fibrosis,-0.05698122904839303,0.5127030609919254,False,0.2783662958564248
ocdca,Mono,Mac,Monoâ†’Mac,age,-0.11490729787808247,0.4586120385190593,False,0.2783662958564248
ocdca,Mono,Mac,Monoâ†’Mac,sex_num,1.746495223395624,0.6082399655128783,False,0.2783662958564248
ocdca,Mono,Mac,Monoâ†’Mac,is_DKD,6.545046292469768,0.25087533033606163,False,0.2783662958564248
ocdca,Mono,Mac,Monoâ†’Mac,is_HKD,3.5860551256119995,0.4722555999829706,False,0.2783662958564248
ptrc,C_TAL,iPT,C_TALâ†’iPT,eGFR,-18.339889264517286,0.23680218595640845,False,0.42843991132702297
ptrc,C_TAL,iPT,C_TALâ†’iPT,fibrosis,-10.331520502587262,0.26901265464120316,False,0.42843991132702297
ptrc,C_TAL,iPT,C_TALâ†’iPT,age,-11.191282626502325,0.48713928764020875,False,0.42843991132702297
ptrc,C_TAL,iPT,C_TALâ†’iPT,sex_num,297.45910248565116,0.4093815143500803,False,0.42843991132702297
ptrc,C_TAL,iPT,C_TALâ†’iPT,is_DKD,-223.48505325509035,0.6937810901009798,False,0.42843991132702297
ptrc,C_TAL,iPT,C_TALâ†’iPT,is_HKD,199.35862725831572,0.6972059678947526,False,0.42843991132702297
glumethis,C_TAL,PT_S3,C_TALâ†’PT_S3,eGFR,-0.06239650567738188,0.2726367864648226,False,0.40878347765629097
glumethis,C_TAL,PT_S3,C_TALâ†’PT_S3,fibrosis,-0.04183848623704845,0.22999048773502018,False,0.40878347765629097
glumethis,C_TAL,PT_S3,C_TALâ†’PT_S3,age,-0.0013558264487119323,0.9814973273312693,False,0.40878347765629097
glumethis,C_TAL,PT_S3,C_TALâ†’PT_S3,sex_num,0.7301355338416397,0.5785031897066816,False,0.40878347765629097
glumethis,C_TAL,PT_S3,C_TALâ†’PT_S3,is_DKD,0.8098230070862212,0.6995081979353891,False,0.40878347765629097
glumethis,C_TAL,PT_S3,C_TALâ†’PT_S3,is_HKD,-0.5854312711030357,0.7567884232218982,False,0.40878347765629097
aspglupro,DCT,C_TAL,DCTâ†’C_TAL,eGFR,-0.4267310391775557,0.2726367864648226,False,0.40878347765629086
aspglupro,DCT,C_TAL,DCTâ†’C_TAL,fibrosis,-0.28613430376796517,0.22999048773502018,False,0.40878347765629086
aspglupro,DCT,C_TAL,DCTâ†’C_TAL,age,-0.00927252613142702,0.9814973273312693,False,0.40878347765629086
aspglupro,DCT,C_TAL,DCTâ†’C_TAL,sex_num,4.993412559153034,0.5785031897066817,False,0.40878347765629086
aspglupro,DCT,C_TAL,DCTâ†’C_TAL,is_DKD,5.538396895982981,0.6995081979353892,False,0.40878347765629086
aspglupro,DCT,C_TAL,DCTâ†’C_TAL,is_HKD,-4.003777005983745,0.7567884232218983,False,0.40878347765629086
man,Fib,Podo,Fibâ†’Podo,eGFR,-1.0414682914224707,0.7254000590883096,False,0.409071378497041
man,Fib,Podo,Fibâ†’Podo,fibrosis,0.46486839201475566,0.7957945823185831,False,0.409071378497041
man,Fib,Podo,Fibâ†’Podo,age,3.8916712646910345,0.24485816766627375,False,0.409071378497041
man,Fib,Podo,Fibâ†’Podo,sex_num,-86.69362204946076,0.24373421149065774,False,0.409071378497041
man,Fib,Podo,Fibâ†’Podo,is_DKD,-38.94937238401747,0.7323153471330113,False,0.409071378497041
man,Fib,Podo,Fibâ†’Podo,is_HKD,37.9875089490388,0.7119423956573208,False,0.409071378497041
hisglugln,GS_Stromal,Fib,GS_Stromalâ†’Fib,eGFR,-0.001769659574809955,0.7254000590883096,False,0.40907137849704045
hisglugln,GS_Stromal,Fib,GS_Stromalâ†’Fib,fibrosis,0.0007899028782065044,0.7957945823185832,False,0.40907137849704045
hisglugln,GS_Stromal,Fib,GS_Stromalâ†’Fib,age,0.006612715310004171,0.24485816766627383,False,0.40907137849704045
hisglugln,GS_Stromal,Fib,GS_Stromalâ†’Fib,sex_num,-0.14730952406168815,0.243734211490658,False,0.40907137849704045
hisglugln,GS_Stromal,Fib,GS_Stromalâ†’Fib,is_DKD,-0.06618264842040664,0.7323153471330114,False,0.40907137849704045
hisglugln,GS_Stromal,Fib,GS_Stromalâ†’Fib,is_HKD,0.06454825316191563,0.711942395657321,False,0.40907137849704045
hisglu,C_TAL,Fib,C_TALâ†’Fib,eGFR,-0.01485594529864978,0.7254000590883096,False,0.40907137849704067
hisglu,C_TAL,Fib,C_TALâ†’Fib,fibrosis,0.006631079851130155,0.7957945823185831,False,0.40907137849704067
hisglu,C_TAL,Fib,C_TALâ†’Fib,age,0.05551244901523828,0.24485816766627375,False,0.40907137849704067
hisglu,C_TAL,Fib,C_TALâ†’Fib,sex_num,-1.2366345836122685,0.24373421149065774,False,0.40907137849704067
hisglu,C_TAL,Fib,C_TALâ†’Fib,is_DKD,-0.5555903624904346,0.7323153471330113,False,0.40907137849704067
hisglu,C_TAL,Fib,C_TALâ†’Fib,is_HKD,0.5418699346171119,0.711942395657321,False,0.40907137849704067
ala_B,C_TAL,PT_S3,C_TALâ†’PT_S3,eGFR,0.12365548671184974,0.8759201991714363,False,0.3310004394914233
ala_B,C_TAL,PT_S3,C_TALâ†’PT_S3,fibrosis,0.1912078976143817,0.6923310896055721,False,0.3310004394914233
ala_B,C_TAL,PT_S3,C_TALâ†’PT_S3,age,0.8745367357849692,0.3226295287615121,False,0.3310004394914233
ala_B,C_TAL,PT_S3,C_TALâ†’PT_S3,sex_num,5.619392744998131,0.7672443091274207,False,0.3310004394914233
ala_B,C_TAL,PT_S3,C_TALâ†’PT_S3,is_DKD,3.3468401664969236,0.9123566379119954,False,0.3310004394914233
ala_B,C_TAL,PT_S3,C_TALâ†’PT_S3,is_HKD,18.455912779289108,0.508288610435982,False,0.3310004394914233
